<?xml version="1.0" encoding="UTF-8" ?>
<OpenSimDocument Version="40000">
	<ControlSet name="leg6dof9musc_added_mass">
		<objects>
			<ControlLinear name="bifemlh_r.excitation">
				<is_model_control>true</is_model_control>
				<extrapolate>true</extrapolate>
				<default_min>0.02</default_min>
				<default_max>1</default_max>
				<filter_on>false</filter_on>
				<use_steps>true</use_steps>
				<x_nodes>
					<ControlLinearNode>
						<t>0.83000000000000007</t>
						<value>0.02</value>
					</ControlLinearNode>
					<ControlLinearNode>
						<t>0.84000000000000008</t>
						<value>0.13931445143590418</value>
					</ControlLinearNode>
					<ControlLinearNode>
						<t>0.85000000000000009</t>
						<value>0.053622657499069623</value>
					</ControlLinearNode>
					<ControlLinearNode>
						<t>0.8600000000000001</t>
						<value>0.048687488062362873</value>
					</ControlLinearNode>
					<ControlLinearNode>
						<t>0.87000000000000011</t>
						<value>0.038232656756308485</value>
					</ControlLinearNode>
					<ControlLinearNode>
						<t>0.88000000000000012</t>
						<value>0.089557214269614424</value>
					</ControlLinearNode>
					<ControlLinearNode>
						<t>0.89000000000000012</t>
						<value>0.099801743671542029</value>
					</ControlLinearNode>
					<ControlLinearNode>
						<t>0.90000000000000013</t>
						<value>0.074680502534580889</value>
					</ControlLinearNode>
					<ControlLinearNode>
						<t>0.91000000000000014</t>
						<value>0.10873469235765559</value>
					</ControlLinearNode>
					<ControlLinearNode>
						<t>0.92000000000000015</t>
						<value>0.068805422119590329</value>
					</ControlLinearNode>
					<ControlLinearNode>
						<t>0.93000000000000016</t>
						<value>0.0685606280688347</value>
					</ControlLinearNode>
					<ControlLinearNode>
						<t>0.94000000000000017</t>
						<value>0.024000000000000018</value>
					</ControlLinearNode>
					<ControlLinearNode>
						<t>0.95000000000000018</t>
						<value>0.075993248630566418</value>
					</ControlLinearNode>
					<ControlLinearNode>
						<t>0.96000000000000019</t>
						<value>0.05513532003172289</value>
					</ControlLinearNode>
					<ControlLinearNode>
						<t>0.9700000000000002</t>
						<value>0.11364056046813661</value>
					</ControlLinearNode>
					<ControlLinearNode>
						<t>0.9800000000000002</t>
						<value>0.022000000000000009</value>
					</ControlLinearNode>
					<ControlLinearNode>
						<t>0.99000000000000021</t>
						<value>0.087449454830879222</value>
					</ControlLinearNode>
					<ControlLinearNode>
						<t>1.0000000000000002</t>
						<value>0.022000000000000009</value>
					</ControlLinearNode>
					<ControlLinearNode>
						<t>1.0100000000000002</t>
						<value>0.059932871551411929</value>
					</ControlLinearNode>
					<ControlLinearNode>
						<t>1.0200000000000002</t>
						<value>0.047416700048504568</value>
					</ControlLinearNode>
					<ControlLinearNode>
						<t>1.0300000000000002</t>
						<value>0.091896212154523246</value>
					</ControlLinearNode>
					<ControlLinearNode>
						<t>1.0400000000000003</t>
						<value>0.088481202467111594</value>
					</ControlLinearNode>
					<ControlLinearNode>
						<t>1.0500000000000003</t>
						<value>0.094746257172843129</value>
					</ControlLinearNode>
					<ControlLinearNode>
						<t>1.0600000000000003</t>
						<value>0.096869535228333595</value>
					</ControlLinearNode>
					<ControlLinearNode>
						<t>1.0700000000000003</t>
						<value>0.10934507664901807</value>
					</ControlLinearNode>
					<ControlLinearNode>
						<t>1.0800000000000003</t>
						<value>0.072097077720897546</value>
					</ControlLinearNode>
					<ControlLinearNode>
						<t>1.0900000000000003</t>
						<value>0.13612632931143054</value>
					</ControlLinearNode>
					<ControlLinearNode>
						<t>1.1000000000000003</t>
						<value>0.069345666925923408</value>
					</ControlLinearNode>
					<ControlLinearNode>
						<t>1.1100000000000003</t>
						<value>0.028000000000000042</value>
					</ControlLinearNode>
					<ControlLinearNode>
						<t>1.1200000000000003</t>
						<value>0.10177425853709758</value>
					</ControlLinearNode>
					<ControlLinearNode>
						<t>1.1300000000000003</t>
						<value>0.1629733613337831</value>
					</ControlLinearNode>
					<ControlLinearNode>
						<t>1.1400000000000003</t>
						<value>0.18412593147898745</value>
					</ControlLinearNode>
					<ControlLinearNode>
						<t>1.1500000000000004</t>
						<value>0.17514412600437554</value>
					</ControlLinearNode>
					<ControlLinearNode>
						<t>1.1600000000000004</t>
						<value>0.21161886952386</value>
					</ControlLinearNode>
					<ControlLinearNode>
						<t>1.1700000000000004</t>
						<value>0.033223245261845079</value>
					</ControlLinearNode>
					<ControlLinearNode>
						<t>1.1800000000000004</t>
						<value>0.22628899882920328</value>
					</ControlLinearNode>
					<ControlLinearNode>
						<t>1.1900000000000004</t>
						<value>0.36012522658637658</value>
					</ControlLinearNode>
					<ControlLinearNode>
						<t>1.2000000000000004</t>
						<value>0.028171249612278598</value>
					</ControlLinearNode>
					<ControlLinearNode>
						<t>1.2100000000000004</t>
						<value>0.24738192488255589</value>
					</ControlLinearNode>
					<ControlLinearNode>
						<t>1.2200000000000004</t>
						<value>0.036867438785277915</value>
					</ControlLinearNode>
					<ControlLinearNode>
						<t>1.2300000000000004</t>
						<value>0.25097570237696104</value>
					</ControlLinearNode>
					<ControlLinearNode>
						<t>1.2400000000000004</t>
						<value>0.25382556493361907</value>
					</ControlLinearNode>
				</x_nodes>
				<min_nodes />
				<max_nodes />
				<kp>100</kp>
				<kv>20</kv>
			</ControlLinear>
			<ControlLinear name="bifemsh_r.excitation">
				<is_model_control>true</is_model_control>
				<extrapolate>true</extrapolate>
				<default_min>0.02</default_min>
				<default_max>1</default_max>
				<filter_on>false</filter_on>
				<use_steps>true</use_steps>
				<x_nodes>
					<ControlLinearNode>
						<t>0.83000000000000007</t>
						<value>0.02</value>
					</ControlLinearNode>
					<ControlLinearNode>
						<t>0.84000000000000008</t>
						<value>0.02</value>
					</ControlLinearNode>
					<ControlLinearNode>
						<t>0.85000000000000009</t>
						<value>0.02</value>
					</ControlLinearNode>
					<ControlLinearNode>
						<t>0.8600000000000001</t>
						<value>0.02</value>
					</ControlLinearNode>
					<ControlLinearNode>
						<t>0.87000000000000011</t>
						<value>0.02</value>
					</ControlLinearNode>
					<ControlLinearNode>
						<t>0.88000000000000012</t>
						<value>0.02</value>
					</ControlLinearNode>
					<ControlLinearNode>
						<t>0.89000000000000012</t>
						<value>0.02</value>
					</ControlLinearNode>
					<ControlLinearNode>
						<t>0.90000000000000013</t>
						<value>0.02</value>
					</ControlLinearNode>
					<ControlLinearNode>
						<t>0.91000000000000014</t>
						<value>0.02</value>
					</ControlLinearNode>
					<ControlLinearNode>
						<t>0.92000000000000015</t>
						<value>0.02</value>
					</ControlLinearNode>
					<ControlLinearNode>
						<t>0.93000000000000016</t>
						<value>0.02</value>
					</ControlLinearNode>
					<ControlLinearNode>
						<t>0.94000000000000017</t>
						<value>0.02</value>
					</ControlLinearNode>
					<ControlLinearNode>
						<t>0.95000000000000018</t>
						<value>0.02</value>
					</ControlLinearNode>
					<ControlLinearNode>
						<t>0.96000000000000019</t>
						<value>0.02</value>
					</ControlLinearNode>
					<ControlLinearNode>
						<t>0.9700000000000002</t>
						<value>0.02</value>
					</ControlLinearNode>
					<ControlLinearNode>
						<t>0.9800000000000002</t>
						<value>0.02</value>
					</ControlLinearNode>
					<ControlLinearNode>
						<t>0.99000000000000021</t>
						<value>0.02</value>
					</ControlLinearNode>
					<ControlLinearNode>
						<t>1.0000000000000002</t>
						<value>0.02</value>
					</ControlLinearNode>
					<ControlLinearNode>
						<t>1.0100000000000002</t>
						<value>0.02387686075208444</value>
					</ControlLinearNode>
					<ControlLinearNode>
						<t>1.0200000000000002</t>
						<value>0.024000000000000018</value>
					</ControlLinearNode>
					<ControlLinearNode>
						<t>1.0300000000000002</t>
						<value>0.027621046304485437</value>
					</ControlLinearNode>
					<ControlLinearNode>
						<t>1.0400000000000003</t>
						<value>0.031758707807591713</value>
					</ControlLinearNode>
					<ControlLinearNode>
						<t>1.0500000000000003</t>
						<value>0.034191684149282649</value>
					</ControlLinearNode>
					<ControlLinearNode>
						<t>1.0600000000000003</t>
						<value>0.028000000000000042</value>
					</ControlLinearNode>
					<ControlLinearNode>
						<t>1.0700000000000003</t>
						<value>0.048640525962444427</value>
					</ControlLinearNode>
					<ControlLinearNode>
						<t>1.0800000000000003</t>
						<value>0.02600000000000003</value>
					</ControlLinearNode>
					<ControlLinearNode>
						<t>1.0900000000000003</t>
						<value>0.042197089456428777</value>
					</ControlLinearNode>
					<ControlLinearNode>
						<t>1.1000000000000003</t>
						<value>0.047703607981981505</value>
					</ControlLinearNode>
					<ControlLinearNode>
						<t>1.1100000000000003</t>
						<value>0.060859302333499329</value>
					</ControlLinearNode>
					<ControlLinearNode>
						<t>1.1200000000000003</t>
						<value>0.082619308553678689</value>
					</ControlLinearNode>
					<ControlLinearNode>
						<t>1.1300000000000003</t>
						<value>0.028000000000000042</value>
					</ControlLinearNode>
					<ControlLinearNode>
						<t>1.1400000000000003</t>
						<value>0.060231160451061305</value>
					</ControlLinearNode>
					<ControlLinearNode>
						<t>1.1500000000000004</t>
						<value>0.088983489736925353</value>
					</ControlLinearNode>
					<ControlLinearNode>
						<t>1.1600000000000004</t>
						<value>0.097805667053118661</value>
					</ControlLinearNode>
					<ControlLinearNode>
						<t>1.1700000000000004</t>
						<value>0.12192109087766652</value>
					</ControlLinearNode>
					<ControlLinearNode>
						<t>1.1800000000000004</t>
						<value>0.14225813262737372</value>
					</ControlLinearNode>
					<ControlLinearNode>
						<t>1.1900000000000004</t>
						<value>0.057945485021630182</value>
					</ControlLinearNode>
					<ControlLinearNode>
						<t>1.2000000000000004</t>
						<value>0.13518743960276366</value>
					</ControlLinearNode>
					<ControlLinearNode>
						<t>1.2100000000000004</t>
						<value>0.15204749285584895</value>
					</ControlLinearNode>
					<ControlLinearNode>
						<t>1.2200000000000004</t>
						<value>0.077837796514402577</value>
					</ControlLinearNode>
					<ControlLinearNode>
						<t>1.2300000000000004</t>
						<value>0.15133543528835836</value>
					</ControlLinearNode>
					<ControlLinearNode>
						<t>1.2400000000000004</t>
						<value>0.16243003309970971</value>
					</ControlLinearNode>
				</x_nodes>
				<min_nodes />
				<max_nodes />
				<kp>100</kp>
				<kv>20</kv>
			</ControlLinear>
			<ControlLinear name="glut_max2_r.excitation">
				<is_model_control>true</is_model_control>
				<extrapolate>true</extrapolate>
				<default_min>0.02</default_min>
				<default_max>1</default_max>
				<filter_on>false</filter_on>
				<use_steps>true</use_steps>
				<x_nodes>
					<ControlLinearNode>
						<t>0.83000000000000007</t>
						<value>0.11455214318455499</value>
					</ControlLinearNode>
					<ControlLinearNode>
						<t>0.84000000000000008</t>
						<value>0.17689685436099425</value>
					</ControlLinearNode>
					<ControlLinearNode>
						<t>0.85000000000000009</t>
						<value>0.069182433443409797</value>
					</ControlLinearNode>
					<ControlLinearNode>
						<t>0.8600000000000001</t>
						<value>0.10999144064605239</value>
					</ControlLinearNode>
					<ControlLinearNode>
						<t>0.87000000000000011</t>
						<value>0.079463920560444198</value>
					</ControlLinearNode>
					<ControlLinearNode>
						<t>0.88000000000000012</t>
						<value>0.13153336912105928</value>
					</ControlLinearNode>
					<ControlLinearNode>
						<t>0.89000000000000012</t>
						<value>0.051908397086077196</value>
					</ControlLinearNode>
					<ControlLinearNode>
						<t>0.90000000000000013</t>
						<value>0.09853272937045518</value>
					</ControlLinearNode>
					<ControlLinearNode>
						<t>0.91000000000000014</t>
						<value>0.034290002770957735</value>
					</ControlLinearNode>
					<ControlLinearNode>
						<t>0.92000000000000015</t>
						<value>0.058696633807173756</value>
					</ControlLinearNode>
					<ControlLinearNode>
						<t>0.93000000000000016</t>
						<value>0.040532088639229205</value>
					</ControlLinearNode>
					<ControlLinearNode>
						<t>0.94000000000000017</t>
						<value>0.024000000000000018</value>
					</ControlLinearNode>
					<ControlLinearNode>
						<t>0.95000000000000018</t>
						<value>0.079340176256742376</value>
					</ControlLinearNode>
					<ControlLinearNode>
						<t>0.96000000000000019</t>
						<value>0.02600000000000003</value>
					</ControlLinearNode>
					<ControlLinearNode>
						<t>0.9700000000000002</t>
						<value>0.028000000000000042</value>
					</ControlLinearNode>
					<ControlLinearNode>
						<t>0.9800000000000002</t>
						<value>0.022000000000000009</value>
					</ControlLinearNode>
					<ControlLinearNode>
						<t>0.99000000000000021</t>
						<value>0.022000000000000009</value>
					</ControlLinearNode>
					<ControlLinearNode>
						<t>1.0000000000000002</t>
						<value>0.022000000000000009</value>
					</ControlLinearNode>
					<ControlLinearNode>
						<t>1.0100000000000002</t>
						<value>0.02</value>
					</ControlLinearNode>
					<ControlLinearNode>
						<t>1.0200000000000002</t>
						<value>0.022000000000000009</value>
					</ControlLinearNode>
					<ControlLinearNode>
						<t>1.0300000000000002</t>
						<value>0.022000000000000009</value>
					</ControlLinearNode>
					<ControlLinearNode>
						<t>1.0400000000000003</t>
						<value>0.022000000000000009</value>
					</ControlLinearNode>
					<ControlLinearNode>
						<t>1.0500000000000003</t>
						<value>0.022000000000000009</value>
					</ControlLinearNode>
					<ControlLinearNode>
						<t>1.0600000000000003</t>
						<value>0.022000000000000009</value>
					</ControlLinearNode>
					<ControlLinearNode>
						<t>1.0700000000000003</t>
						<value>0.022000000000000009</value>
					</ControlLinearNode>
					<ControlLinearNode>
						<t>1.0800000000000003</t>
						<value>0.022000000000000009</value>
					</ControlLinearNode>
					<ControlLinearNode>
						<t>1.0900000000000003</t>
						<value>0.022000000000000009</value>
					</ControlLinearNode>
					<ControlLinearNode>
						<t>1.1000000000000003</t>
						<value>0.022000000000000009</value>
					</ControlLinearNode>
					<ControlLinearNode>
						<t>1.1100000000000003</t>
						<value>0.02</value>
					</ControlLinearNode>
					<ControlLinearNode>
						<t>1.1200000000000003</t>
						<value>0.022000000000000009</value>
					</ControlLinearNode>
					<ControlLinearNode>
						<t>1.1300000000000003</t>
						<value>0.022000000000000009</value>
					</ControlLinearNode>
					<ControlLinearNode>
						<t>1.1400000000000003</t>
						<value>0.022000000000000009</value>
					</ControlLinearNode>
					<ControlLinearNode>
						<t>1.1500000000000004</t>
						<value>0.022000000000000009</value>
					</ControlLinearNode>
					<ControlLinearNode>
						<t>1.1600000000000004</t>
						<value>0.02</value>
					</ControlLinearNode>
					<ControlLinearNode>
						<t>1.1700000000000004</t>
						<value>0.02</value>
					</ControlLinearNode>
					<ControlLinearNode>
						<t>1.1800000000000004</t>
						<value>0.022000000000000009</value>
					</ControlLinearNode>
					<ControlLinearNode>
						<t>1.1900000000000004</t>
						<value>0.02</value>
					</ControlLinearNode>
					<ControlLinearNode>
						<t>1.2000000000000004</t>
						<value>0.022000000000000009</value>
					</ControlLinearNode>
					<ControlLinearNode>
						<t>1.2100000000000004</t>
						<value>0.02</value>
					</ControlLinearNode>
					<ControlLinearNode>
						<t>1.2200000000000004</t>
						<value>0.02</value>
					</ControlLinearNode>
					<ControlLinearNode>
						<t>1.2300000000000004</t>
						<value>0.02</value>
					</ControlLinearNode>
					<ControlLinearNode>
						<t>1.2400000000000004</t>
						<value>0.02</value>
					</ControlLinearNode>
				</x_nodes>
				<min_nodes />
				<max_nodes />
				<kp>100</kp>
				<kv>20</kv>
			</ControlLinear>
			<ControlLinear name="psoas_r.excitation">
				<is_model_control>true</is_model_control>
				<extrapolate>true</extrapolate>
				<default_min>0.02</default_min>
				<default_max>1</default_max>
				<filter_on>false</filter_on>
				<use_steps>true</use_steps>
				<x_nodes>
					<ControlLinearNode>
						<t>0.83000000000000007</t>
						<value>0.02</value>
					</ControlLinearNode>
					<ControlLinearNode>
						<t>0.84000000000000008</t>
						<value>0.02</value>
					</ControlLinearNode>
					<ControlLinearNode>
						<t>0.85000000000000009</t>
						<value>0.02</value>
					</ControlLinearNode>
					<ControlLinearNode>
						<t>0.8600000000000001</t>
						<value>0.02</value>
					</ControlLinearNode>
					<ControlLinearNode>
						<t>0.87000000000000011</t>
						<value>0.02</value>
					</ControlLinearNode>
					<ControlLinearNode>
						<t>0.88000000000000012</t>
						<value>0.02</value>
					</ControlLinearNode>
					<ControlLinearNode>
						<t>0.89000000000000012</t>
						<value>0.02</value>
					</ControlLinearNode>
					<ControlLinearNode>
						<t>0.90000000000000013</t>
						<value>0.02</value>
					</ControlLinearNode>
					<ControlLinearNode>
						<t>0.91000000000000014</t>
						<value>0.02</value>
					</ControlLinearNode>
					<ControlLinearNode>
						<t>0.92000000000000015</t>
						<value>0.02</value>
					</ControlLinearNode>
					<ControlLinearNode>
						<t>0.93000000000000016</t>
						<value>0.02</value>
					</ControlLinearNode>
					<ControlLinearNode>
						<t>0.94000000000000017</t>
						<value>0.02</value>
					</ControlLinearNode>
					<ControlLinearNode>
						<t>0.95000000000000018</t>
						<value>0.02</value>
					</ControlLinearNode>
					<ControlLinearNode>
						<t>0.96000000000000019</t>
						<value>0.02</value>
					</ControlLinearNode>
					<ControlLinearNode>
						<t>0.9700000000000002</t>
						<value>0.02</value>
					</ControlLinearNode>
					<ControlLinearNode>
						<t>0.9800000000000002</t>
						<value>0.022000000000000009</value>
					</ControlLinearNode>
					<ControlLinearNode>
						<t>0.99000000000000021</t>
						<value>0.02</value>
					</ControlLinearNode>
					<ControlLinearNode>
						<t>1.0000000000000002</t>
						<value>0.022286960683545215</value>
					</ControlLinearNode>
					<ControlLinearNode>
						<t>1.0100000000000002</t>
						<value>0.025202347507610391</value>
					</ControlLinearNode>
					<ControlLinearNode>
						<t>1.0200000000000002</t>
						<value>0.02461296464843598</value>
					</ControlLinearNode>
					<ControlLinearNode>
						<t>1.0300000000000002</t>
						<value>0.024519445940069749</value>
					</ControlLinearNode>
					<ControlLinearNode>
						<t>1.0400000000000003</t>
						<value>0.024330856956785017</value>
					</ControlLinearNode>
					<ControlLinearNode>
						<t>1.0500000000000003</t>
						<value>0.024709269257029758</value>
					</ControlLinearNode>
					<ControlLinearNode>
						<t>1.0600000000000003</t>
						<value>0.024454106628857674</value>
					</ControlLinearNode>
					<ControlLinearNode>
						<t>1.0700000000000003</t>
						<value>0.025461391216236938</value>
					</ControlLinearNode>
					<ControlLinearNode>
						<t>1.0800000000000003</t>
						<value>0.022000000000000009</value>
					</ControlLinearNode>
					<ControlLinearNode>
						<t>1.0900000000000003</t>
						<value>0.032789937668169095</value>
					</ControlLinearNode>
					<ControlLinearNode>
						<t>1.1000000000000003</t>
						<value>0.043401984789826015</value>
					</ControlLinearNode>
					<ControlLinearNode>
						<t>1.1100000000000003</t>
						<value>0.047622141756230349</value>
					</ControlLinearNode>
					<ControlLinearNode>
						<t>1.1200000000000003</t>
						<value>0.053491693834293745</value>
					</ControlLinearNode>
					<ControlLinearNode>
						<t>1.1300000000000003</t>
						<value>0.066076084713753258</value>
					</ControlLinearNode>
					<ControlLinearNode>
						<t>1.1400000000000003</t>
						<value>0.078043810745510159</value>
					</ControlLinearNode>
					<ControlLinearNode>
						<t>1.1500000000000004</t>
						<value>0.087953266309893155</value>
					</ControlLinearNode>
					<ControlLinearNode>
						<t>1.1600000000000004</t>
						<value>0.10400598830505431</value>
					</ControlLinearNode>
					<ControlLinearNode>
						<t>1.1700000000000004</t>
						<value>0.10172816777979117</value>
					</ControlLinearNode>
					<ControlLinearNode>
						<t>1.1800000000000004</t>
						<value>0.10615683654468329</value>
					</ControlLinearNode>
					<ControlLinearNode>
						<t>1.1900000000000004</t>
						<value>0.14143579117180904</value>
					</ControlLinearNode>
					<ControlLinearNode>
						<t>1.2000000000000004</t>
						<value>0.14549894334972677</value>
					</ControlLinearNode>
					<ControlLinearNode>
						<t>1.2100000000000004</t>
						<value>0.14504718186598284</value>
					</ControlLinearNode>
					<ControlLinearNode>
						<t>1.2200000000000004</t>
						<value>0.14259223368714255</value>
					</ControlLinearNode>
					<ControlLinearNode>
						<t>1.2300000000000004</t>
						<value>0.15933449504494177</value>
					</ControlLinearNode>
					<ControlLinearNode>
						<t>1.2400000000000004</t>
						<value>0.18631719472352298</value>
					</ControlLinearNode>
				</x_nodes>
				<min_nodes />
				<max_nodes />
				<kp>100</kp>
				<kv>20</kv>
			</ControlLinear>
			<ControlLinear name="rect_fem_r.excitation">
				<is_model_control>true</is_model_control>
				<extrapolate>true</extrapolate>
				<default_min>0.02</default_min>
				<default_max>1</default_max>
				<filter_on>false</filter_on>
				<use_steps>true</use_steps>
				<x_nodes>
					<ControlLinearNode>
						<t>0.83000000000000007</t>
						<value>0.026064274104007138</value>
					</ControlLinearNode>
					<ControlLinearNode>
						<t>0.84000000000000008</t>
						<value>0.022000000000000009</value>
					</ControlLinearNode>
					<ControlLinearNode>
						<t>0.85000000000000009</t>
						<value>0.024000000000000018</value>
					</ControlLinearNode>
					<ControlLinearNode>
						<t>0.8600000000000001</t>
						<value>0.024000000000000018</value>
					</ControlLinearNode>
					<ControlLinearNode>
						<t>0.87000000000000011</t>
						<value>0.024439859404423812</value>
					</ControlLinearNode>
					<ControlLinearNode>
						<t>0.88000000000000012</t>
						<value>0.024403249891919457</value>
					</ControlLinearNode>
					<ControlLinearNode>
						<t>0.89000000000000012</t>
						<value>0.024000000000000018</value>
					</ControlLinearNode>
					<ControlLinearNode>
						<t>0.90000000000000013</t>
						<value>0.024000000000000018</value>
					</ControlLinearNode>
					<ControlLinearNode>
						<t>0.91000000000000014</t>
						<value>0.024000000000000018</value>
					</ControlLinearNode>
					<ControlLinearNode>
						<t>0.92000000000000015</t>
						<value>0.02853778049647885</value>
					</ControlLinearNode>
					<ControlLinearNode>
						<t>0.93000000000000016</t>
						<value>0.030095384924490615</value>
					</ControlLinearNode>
					<ControlLinearNode>
						<t>0.94000000000000017</t>
						<value>0.041985142281835475</value>
					</ControlLinearNode>
					<ControlLinearNode>
						<t>0.95000000000000018</t>
						<value>0.024000000000000018</value>
					</ControlLinearNode>
					<ControlLinearNode>
						<t>0.96000000000000019</t>
						<value>0.024000000000000018</value>
					</ControlLinearNode>
					<ControlLinearNode>
						<t>0.9700000000000002</t>
						<value>0.022000000000000009</value>
					</ControlLinearNode>
					<ControlLinearNode>
						<t>0.9800000000000002</t>
						<value>0.022000000000000009</value>
					</ControlLinearNode>
					<ControlLinearNode>
						<t>0.99000000000000021</t>
						<value>0.022000000000000009</value>
					</ControlLinearNode>
					<ControlLinearNode>
						<t>1.0000000000000002</t>
						<value>0.030287461200555598</value>
					</ControlLinearNode>
					<ControlLinearNode>
						<t>1.0100000000000002</t>
						<value>0.02</value>
					</ControlLinearNode>
					<ControlLinearNode>
						<t>1.0200000000000002</t>
						<value>0.02</value>
					</ControlLinearNode>
					<ControlLinearNode>
						<t>1.0300000000000002</t>
						<value>0.02</value>
					</ControlLinearNode>
					<ControlLinearNode>
						<t>1.0400000000000003</t>
						<value>0.02</value>
					</ControlLinearNode>
					<ControlLinearNode>
						<t>1.0500000000000003</t>
						<value>0.02</value>
					</ControlLinearNode>
					<ControlLinearNode>
						<t>1.0600000000000003</t>
						<value>0.02</value>
					</ControlLinearNode>
					<ControlLinearNode>
						<t>1.0700000000000003</t>
						<value>0.02</value>
					</ControlLinearNode>
					<ControlLinearNode>
						<t>1.0800000000000003</t>
						<value>0.02</value>
					</ControlLinearNode>
					<ControlLinearNode>
						<t>1.0900000000000003</t>
						<value>0.02</value>
					</ControlLinearNode>
					<ControlLinearNode>
						<t>1.1000000000000003</t>
						<value>0.02</value>
					</ControlLinearNode>
					<ControlLinearNode>
						<t>1.1100000000000003</t>
						<value>0.02</value>
					</ControlLinearNode>
					<ControlLinearNode>
						<t>1.1200000000000003</t>
						<value>0.022000000000000009</value>
					</ControlLinearNode>
					<ControlLinearNode>
						<t>1.1300000000000003</t>
						<value>0.02</value>
					</ControlLinearNode>
					<ControlLinearNode>
						<t>1.1400000000000003</t>
						<value>0.02</value>
					</ControlLinearNode>
					<ControlLinearNode>
						<t>1.1500000000000004</t>
						<value>0.02</value>
					</ControlLinearNode>
					<ControlLinearNode>
						<t>1.1600000000000004</t>
						<value>0.02</value>
					</ControlLinearNode>
					<ControlLinearNode>
						<t>1.1700000000000004</t>
						<value>0.02</value>
					</ControlLinearNode>
					<ControlLinearNode>
						<t>1.1800000000000004</t>
						<value>0.02</value>
					</ControlLinearNode>
					<ControlLinearNode>
						<t>1.1900000000000004</t>
						<value>0.02</value>
					</ControlLinearNode>
					<ControlLinearNode>
						<t>1.2000000000000004</t>
						<value>0.02</value>
					</ControlLinearNode>
					<ControlLinearNode>
						<t>1.2100000000000004</t>
						<value>0.02</value>
					</ControlLinearNode>
					<ControlLinearNode>
						<t>1.2200000000000004</t>
						<value>0.02</value>
					</ControlLinearNode>
					<ControlLinearNode>
						<t>1.2300000000000004</t>
						<value>0.02</value>
					</ControlLinearNode>
					<ControlLinearNode>
						<t>1.2400000000000004</t>
						<value>0.02</value>
					</ControlLinearNode>
				</x_nodes>
				<min_nodes />
				<max_nodes />
				<kp>100</kp>
				<kv>20</kv>
			</ControlLinear>
			<ControlLinear name="vas_int_r.excitation">
				<is_model_control>true</is_model_control>
				<extrapolate>true</extrapolate>
				<default_min>0.02</default_min>
				<default_max>1</default_max>
				<filter_on>false</filter_on>
				<use_steps>true</use_steps>
				<x_nodes>
					<ControlLinearNode>
						<t>0.83000000000000007</t>
						<value>0.32305736105538146</value>
					</ControlLinearNode>
					<ControlLinearNode>
						<t>0.84000000000000008</t>
						<value>0.31116879654950497</value>
					</ControlLinearNode>
					<ControlLinearNode>
						<t>0.85000000000000009</t>
						<value>0.29505324959565088</value>
					</ControlLinearNode>
					<ControlLinearNode>
						<t>0.8600000000000001</t>
						<value>0.27076265239435043</value>
					</ControlLinearNode>
					<ControlLinearNode>
						<t>0.87000000000000011</t>
						<value>0.23871760031937381</value>
					</ControlLinearNode>
					<ControlLinearNode>
						<t>0.88000000000000012</t>
						<value>0.20030695454703823</value>
					</ControlLinearNode>
					<ControlLinearNode>
						<t>0.89000000000000012</t>
						<value>0.1705131121259939</value>
					</ControlLinearNode>
					<ControlLinearNode>
						<t>0.90000000000000013</t>
						<value>0.13158805821493877</value>
					</ControlLinearNode>
					<ControlLinearNode>
						<t>0.91000000000000014</t>
						<value>0.10052870347799497</value>
					</ControlLinearNode>
					<ControlLinearNode>
						<t>0.92000000000000015</t>
						<value>0.064035590342593748</value>
					</ControlLinearNode>
					<ControlLinearNode>
						<t>0.93000000000000016</t>
						<value>0.028059996079348448</value>
					</ControlLinearNode>
					<ControlLinearNode>
						<t>0.94000000000000017</t>
						<value>0.083038295991009606</value>
					</ControlLinearNode>
					<ControlLinearNode>
						<t>0.95000000000000018</t>
						<value>0.022000000000000009</value>
					</ControlLinearNode>
					<ControlLinearNode>
						<t>0.96000000000000019</t>
						<value>0.022000000000000009</value>
					</ControlLinearNode>
					<ControlLinearNode>
						<t>0.9700000000000002</t>
						<value>0.02</value>
					</ControlLinearNode>
					<ControlLinearNode>
						<t>0.9800000000000002</t>
						<value>0.02</value>
					</ControlLinearNode>
					<ControlLinearNode>
						<t>0.99000000000000021</t>
						<value>0.022000000000000009</value>
					</ControlLinearNode>
					<ControlLinearNode>
						<t>1.0000000000000002</t>
						<value>0.032631649240156428</value>
					</ControlLinearNode>
					<ControlLinearNode>
						<t>1.0100000000000002</t>
						<value>0.02</value>
					</ControlLinearNode>
					<ControlLinearNode>
						<t>1.0200000000000002</t>
						<value>0.02</value>
					</ControlLinearNode>
					<ControlLinearNode>
						<t>1.0300000000000002</t>
						<value>0.02</value>
					</ControlLinearNode>
					<ControlLinearNode>
						<t>1.0400000000000003</t>
						<value>0.02</value>
					</ControlLinearNode>
					<ControlLinearNode>
						<t>1.0500000000000003</t>
						<value>0.02</value>
					</ControlLinearNode>
					<ControlLinearNode>
						<t>1.0600000000000003</t>
						<value>0.02</value>
					</ControlLinearNode>
					<ControlLinearNode>
						<t>1.0700000000000003</t>
						<value>0.02</value>
					</ControlLinearNode>
					<ControlLinearNode>
						<t>1.0800000000000003</t>
						<value>0.02</value>
					</ControlLinearNode>
					<ControlLinearNode>
						<t>1.0900000000000003</t>
						<value>0.02</value>
					</ControlLinearNode>
					<ControlLinearNode>
						<t>1.1000000000000003</t>
						<value>0.02</value>
					</ControlLinearNode>
					<ControlLinearNode>
						<t>1.1100000000000003</t>
						<value>0.02</value>
					</ControlLinearNode>
					<ControlLinearNode>
						<t>1.1200000000000003</t>
						<value>0.02</value>
					</ControlLinearNode>
					<ControlLinearNode>
						<t>1.1300000000000003</t>
						<value>0.02</value>
					</ControlLinearNode>
					<ControlLinearNode>
						<t>1.1400000000000003</t>
						<value>0.02</value>
					</ControlLinearNode>
					<ControlLinearNode>
						<t>1.1500000000000004</t>
						<value>0.02</value>
					</ControlLinearNode>
					<ControlLinearNode>
						<t>1.1600000000000004</t>
						<value>0.02</value>
					</ControlLinearNode>
					<ControlLinearNode>
						<t>1.1700000000000004</t>
						<value>0.02</value>
					</ControlLinearNode>
					<ControlLinearNode>
						<t>1.1800000000000004</t>
						<value>0.02</value>
					</ControlLinearNode>
					<ControlLinearNode>
						<t>1.1900000000000004</t>
						<value>0.02</value>
					</ControlLinearNode>
					<ControlLinearNode>
						<t>1.2000000000000004</t>
						<value>0.02</value>
					</ControlLinearNode>
					<ControlLinearNode>
						<t>1.2100000000000004</t>
						<value>0.02</value>
					</ControlLinearNode>
					<ControlLinearNode>
						<t>1.2200000000000004</t>
						<value>0.02</value>
					</ControlLinearNode>
					<ControlLinearNode>
						<t>1.2300000000000004</t>
						<value>0.02</value>
					</ControlLinearNode>
					<ControlLinearNode>
						<t>1.2400000000000004</t>
						<value>0.02</value>
					</ControlLinearNode>
				</x_nodes>
				<min_nodes />
				<max_nodes />
				<kp>100</kp>
				<kv>20</kv>
			</ControlLinear>
			<ControlLinear name="med_gas_r.excitation">
				<is_model_control>true</is_model_control>
				<extrapolate>true</extrapolate>
				<default_min>0.02</default_min>
				<default_max>1</default_max>
				<filter_on>false</filter_on>
				<use_steps>true</use_steps>
				<x_nodes>
					<ControlLinearNode>
						<t>0.83000000000000007</t>
						<value>0.02</value>
					</ControlLinearNode>
					<ControlLinearNode>
						<t>0.84000000000000008</t>
						<value>0.02</value>
					</ControlLinearNode>
					<ControlLinearNode>
						<t>0.85000000000000009</t>
						<value>0.02</value>
					</ControlLinearNode>
					<ControlLinearNode>
						<t>0.8600000000000001</t>
						<value>0.02</value>
					</ControlLinearNode>
					<ControlLinearNode>
						<t>0.87000000000000011</t>
						<value>0.02</value>
					</ControlLinearNode>
					<ControlLinearNode>
						<t>0.88000000000000012</t>
						<value>0.02</value>
					</ControlLinearNode>
					<ControlLinearNode>
						<t>0.89000000000000012</t>
						<value>0.02</value>
					</ControlLinearNode>
					<ControlLinearNode>
						<t>0.90000000000000013</t>
						<value>0.02</value>
					</ControlLinearNode>
					<ControlLinearNode>
						<t>0.91000000000000014</t>
						<value>0.02</value>
					</ControlLinearNode>
					<ControlLinearNode>
						<t>0.92000000000000015</t>
						<value>0.02</value>
					</ControlLinearNode>
					<ControlLinearNode>
						<t>0.93000000000000016</t>
						<value>0.02</value>
					</ControlLinearNode>
					<ControlLinearNode>
						<t>0.94000000000000017</t>
						<value>0.12244721770907184</value>
					</ControlLinearNode>
					<ControlLinearNode>
						<t>0.95000000000000018</t>
						<value>0.02</value>
					</ControlLinearNode>
					<ControlLinearNode>
						<t>0.96000000000000019</t>
						<value>0.15225108727334713</value>
					</ControlLinearNode>
					<ControlLinearNode>
						<t>0.9700000000000002</t>
						<value>0.02</value>
					</ControlLinearNode>
					<ControlLinearNode>
						<t>0.9800000000000002</t>
						<value>0.16437854853603709</value>
					</ControlLinearNode>
					<ControlLinearNode>
						<t>0.99000000000000021</t>
						<value>0.18173070999575863</value>
					</ControlLinearNode>
					<ControlLinearNode>
						<t>1.0000000000000002</t>
						<value>0.022000000000000009</value>
					</ControlLinearNode>
					<ControlLinearNode>
						<t>1.0100000000000002</t>
						<value>0.097197602247890202</value>
					</ControlLinearNode>
					<ControlLinearNode>
						<t>1.0200000000000002</t>
						<value>0.15688412821570538</value>
					</ControlLinearNode>
					<ControlLinearNode>
						<t>1.0300000000000002</t>
						<value>0.15370522517730101</value>
					</ControlLinearNode>
					<ControlLinearNode>
						<t>1.0400000000000003</t>
						<value>0.15654038467671438</value>
					</ControlLinearNode>
					<ControlLinearNode>
						<t>1.0500000000000003</t>
						<value>0.16396534424516426</value>
					</ControlLinearNode>
					<ControlLinearNode>
						<t>1.0600000000000003</t>
						<value>0.16850917850103567</value>
					</ControlLinearNode>
					<ControlLinearNode>
						<t>1.0700000000000003</t>
						<value>0.14478800432075267</value>
					</ControlLinearNode>
					<ControlLinearNode>
						<t>1.0800000000000003</t>
						<value>0.19931998952992339</value>
					</ControlLinearNode>
					<ControlLinearNode>
						<t>1.0900000000000003</t>
						<value>0.19165054557130612</value>
					</ControlLinearNode>
					<ControlLinearNode>
						<t>1.1000000000000003</t>
						<value>0.20450157129735314</value>
					</ControlLinearNode>
					<ControlLinearNode>
						<t>1.1100000000000003</t>
						<value>0.21245343057919699</value>
					</ControlLinearNode>
					<ControlLinearNode>
						<t>1.1200000000000003</t>
						<value>0.22914834568525336</value>
					</ControlLinearNode>
					<ControlLinearNode>
						<t>1.1300000000000003</t>
						<value>0.26963941440342903</value>
					</ControlLinearNode>
					<ControlLinearNode>
						<t>1.1400000000000003</t>
						<value>0.30448222466538399</value>
					</ControlLinearNode>
					<ControlLinearNode>
						<t>1.1500000000000004</t>
						<value>0.31520542938867979</value>
					</ControlLinearNode>
					<ControlLinearNode>
						<t>1.1600000000000004</t>
						<value>0.31765315398776472</value>
					</ControlLinearNode>
					<ControlLinearNode>
						<t>1.1700000000000004</t>
						<value>0.42996817591309888</value>
					</ControlLinearNode>
					<ControlLinearNode>
						<t>1.1800000000000004</t>
						<value>0.44832400767317399</value>
					</ControlLinearNode>
					<ControlLinearNode>
						<t>1.1900000000000004</t>
						<value>0.14952003270638164</value>
					</ControlLinearNode>
					<ControlLinearNode>
						<t>1.2000000000000004</t>
						<value>0.48250348574664176</value>
					</ControlLinearNode>
					<ControlLinearNode>
						<t>1.2100000000000004</t>
						<value>0.28771487745216473</value>
					</ControlLinearNode>
					<ControlLinearNode>
						<t>1.2200000000000004</t>
						<value>0.572355275653745</value>
					</ControlLinearNode>
					<ControlLinearNode>
						<t>1.2300000000000004</t>
						<value>0.022000000000000009</value>
					</ControlLinearNode>
					<ControlLinearNode>
						<t>1.2400000000000004</t>
						<value>0.40163548455814152</value>
					</ControlLinearNode>
				</x_nodes>
				<min_nodes />
				<max_nodes />
				<kp>100</kp>
				<kv>20</kv>
			</ControlLinear>
			<ControlLinear name="soleus_r.excitation">
				<is_model_control>true</is_model_control>
				<extrapolate>true</extrapolate>
				<default_min>0.02</default_min>
				<default_max>1</default_max>
				<filter_on>false</filter_on>
				<use_steps>true</use_steps>
				<x_nodes>
					<ControlLinearNode>
						<t>0.83000000000000007</t>
						<value>0.031589651005038702</value>
					</ControlLinearNode>
					<ControlLinearNode>
						<t>0.84000000000000008</t>
						<value>0.072763133750071873</value>
					</ControlLinearNode>
					<ControlLinearNode>
						<t>0.85000000000000009</t>
						<value>0.060535649429184407</value>
					</ControlLinearNode>
					<ControlLinearNode>
						<t>0.8600000000000001</t>
						<value>0.096170351878380606</value>
					</ControlLinearNode>
					<ControlLinearNode>
						<t>0.87000000000000011</t>
						<value>0.072290929089519534</value>
					</ControlLinearNode>
					<ControlLinearNode>
						<t>0.88000000000000012</t>
						<value>0.12740528461798317</value>
					</ControlLinearNode>
					<ControlLinearNode>
						<t>0.89000000000000012</t>
						<value>0.094031321646832214</value>
					</ControlLinearNode>
					<ControlLinearNode>
						<t>0.90000000000000013</t>
						<value>0.16602110759554586</value>
					</ControlLinearNode>
					<ControlLinearNode>
						<t>0.91000000000000014</t>
						<value>0.02</value>
					</ControlLinearNode>
					<ControlLinearNode>
						<t>0.92000000000000015</t>
						<value>0.19667678788085458</value>
					</ControlLinearNode>
					<ControlLinearNode>
						<t>0.93000000000000016</t>
						<value>0.02</value>
					</ControlLinearNode>
					<ControlLinearNode>
						<t>0.94000000000000017</t>
						<value>0.22447936429841936</value>
					</ControlLinearNode>
					<ControlLinearNode>
						<t>0.95000000000000018</t>
						<value>0.02</value>
					</ControlLinearNode>
					<ControlLinearNode>
						<t>0.96000000000000019</t>
						<value>0.28915565968020118</value>
					</ControlLinearNode>
					<ControlLinearNode>
						<t>0.9700000000000002</t>
						<value>0.02</value>
					</ControlLinearNode>
					<ControlLinearNode>
						<t>0.9800000000000002</t>
						<value>0.18256297339633201</value>
					</ControlLinearNode>
					<ControlLinearNode>
						<t>0.99000000000000021</t>
						<value>0.23012071933572467</value>
					</ControlLinearNode>
					<ControlLinearNode>
						<t>1.0000000000000002</t>
						<value>0.080206555082433365</value>
					</ControlLinearNode>
					<ControlLinearNode>
						<t>1.0100000000000002</t>
						<value>0.20511013381933429</value>
					</ControlLinearNode>
					<ControlLinearNode>
						<t>1.0200000000000002</t>
						<value>0.18141273355161588</value>
					</ControlLinearNode>
					<ControlLinearNode>
						<t>1.0300000000000002</t>
						<value>0.20222444912070076</value>
					</ControlLinearNode>
					<ControlLinearNode>
						<t>1.0400000000000003</t>
						<value>0.16636429302491212</value>
					</ControlLinearNode>
					<ControlLinearNode>
						<t>1.0500000000000003</t>
						<value>0.18853523142707737</value>
					</ControlLinearNode>
					<ControlLinearNode>
						<t>1.0600000000000003</t>
						<value>0.14528062748069909</value>
					</ControlLinearNode>
					<ControlLinearNode>
						<t>1.0700000000000003</t>
						<value>0.18591887284733449</value>
					</ControlLinearNode>
					<ControlLinearNode>
						<t>1.0800000000000003</t>
						<value>0.12730137794188126</value>
					</ControlLinearNode>
					<ControlLinearNode>
						<t>1.0900000000000003</t>
						<value>0.18098011532745803</value>
					</ControlLinearNode>
					<ControlLinearNode>
						<t>1.1000000000000003</t>
						<value>0.18000502955612449</value>
					</ControlLinearNode>
					<ControlLinearNode>
						<t>1.1100000000000003</t>
						<value>0.18322293743429247</value>
					</ControlLinearNode>
					<ControlLinearNode>
						<t>1.1200000000000003</t>
						<value>0.18630214800748493</value>
					</ControlLinearNode>
					<ControlLinearNode>
						<t>1.1300000000000003</t>
						<value>0.18887510288338952</value>
					</ControlLinearNode>
					<ControlLinearNode>
						<t>1.1400000000000003</t>
						<value>0.19450456667917501</value>
					</ControlLinearNode>
					<ControlLinearNode>
						<t>1.1500000000000004</t>
						<value>0.20213535090692822</value>
					</ControlLinearNode>
					<ControlLinearNode>
						<t>1.1600000000000004</t>
						<value>0.21855959742652845</value>
					</ControlLinearNode>
					<ControlLinearNode>
						<t>1.1700000000000004</t>
						<value>0.21810535971079512</value>
					</ControlLinearNode>
					<ControlLinearNode>
						<t>1.1800000000000004</t>
						<value>0.23280997519660401</value>
					</ControlLinearNode>
					<ControlLinearNode>
						<t>1.1900000000000004</t>
						<value>0.26780342886281938</value>
					</ControlLinearNode>
					<ControlLinearNode>
						<t>1.2000000000000004</t>
						<value>0.26427573441668339</value>
					</ControlLinearNode>
					<ControlLinearNode>
						<t>1.2100000000000004</t>
						<value>0.27681480494298283</value>
					</ControlLinearNode>
					<ControlLinearNode>
						<t>1.2200000000000004</t>
						<value>0.27545141863167594</value>
					</ControlLinearNode>
					<ControlLinearNode>
						<t>1.2300000000000004</t>
						<value>0.30839932401239767</value>
					</ControlLinearNode>
					<ControlLinearNode>
						<t>1.2400000000000004</t>
						<value>0.33816199359222243</value>
					</ControlLinearNode>
				</x_nodes>
				<min_nodes />
				<max_nodes />
				<kp>100</kp>
				<kv>20</kv>
			</ControlLinear>
			<ControlLinear name="tib_ant_r.excitation">
				<is_model_control>true</is_model_control>
				<extrapolate>true</extrapolate>
				<default_min>0.02</default_min>
				<default_max>1</default_max>
				<filter_on>false</filter_on>
				<use_steps>true</use_steps>
				<x_nodes>
					<ControlLinearNode>
						<t>0.83000000000000007</t>
						<value>0.02</value>
					</ControlLinearNode>
					<ControlLinearNode>
						<t>0.84000000000000008</t>
						<value>0.02</value>
					</ControlLinearNode>
					<ControlLinearNode>
						<t>0.85000000000000009</t>
						<value>0.02</value>
					</ControlLinearNode>
					<ControlLinearNode>
						<t>0.8600000000000001</t>
						<value>0.02</value>
					</ControlLinearNode>
					<ControlLinearNode>
						<t>0.87000000000000011</t>
						<value>0.02</value>
					</ControlLinearNode>
					<ControlLinearNode>
						<t>0.88000000000000012</t>
						<value>0.02</value>
					</ControlLinearNode>
					<ControlLinearNode>
						<t>0.89000000000000012</t>
						<value>0.02</value>
					</ControlLinearNode>
					<ControlLinearNode>
						<t>0.90000000000000013</t>
						<value>0.02</value>
					</ControlLinearNode>
					<ControlLinearNode>
						<t>0.91000000000000014</t>
						<value>0.030091253307126226</value>
					</ControlLinearNode>
					<ControlLinearNode>
						<t>0.92000000000000015</t>
						<value>0.024000000000000018</value>
					</ControlLinearNode>
					<ControlLinearNode>
						<t>0.93000000000000016</t>
						<value>0.16645122711091459</value>
					</ControlLinearNode>
					<ControlLinearNode>
						<t>0.94000000000000017</t>
						<value>0.022000000000000009</value>
					</ControlLinearNode>
					<ControlLinearNode>
						<t>0.95000000000000018</t>
						<value>0.40077796964687379</value>
					</ControlLinearNode>
					<ControlLinearNode>
						<t>0.96000000000000019</t>
						<value>0.02</value>
					</ControlLinearNode>
					<ControlLinearNode>
						<t>0.9700000000000002</t>
						<value>0.40031991440058867</value>
					</ControlLinearNode>
					<ControlLinearNode>
						<t>0.9800000000000002</t>
						<value>0.02</value>
					</ControlLinearNode>
					<ControlLinearNode>
						<t>0.99000000000000021</t>
						<value>0.02</value>
					</ControlLinearNode>
					<ControlLinearNode>
						<t>1.0000000000000002</t>
						<value>0.02</value>
					</ControlLinearNode>
					<ControlLinearNode>
						<t>1.0100000000000002</t>
						<value>0.02</value>
					</ControlLinearNode>
					<ControlLinearNode>
						<t>1.0200000000000002</t>
						<value>0.02</value>
					</ControlLinearNode>
					<ControlLinearNode>
						<t>1.0300000000000002</t>
						<value>0.02</value>
					</ControlLinearNode>
					<ControlLinearNode>
						<t>1.0400000000000003</t>
						<value>0.02</value>
					</ControlLinearNode>
					<ControlLinearNode>
						<t>1.0500000000000003</t>
						<value>0.022000000000000009</value>
					</ControlLinearNode>
					<ControlLinearNode>
						<t>1.0600000000000003</t>
						<value>0.022000000000000009</value>
					</ControlLinearNode>
					<ControlLinearNode>
						<t>1.0700000000000003</t>
						<value>0.022000000000000009</value>
					</ControlLinearNode>
					<ControlLinearNode>
						<t>1.0800000000000003</t>
						<value>0.022000000000000009</value>
					</ControlLinearNode>
					<ControlLinearNode>
						<t>1.0900000000000003</t>
						<value>0.022000000000000009</value>
					</ControlLinearNode>
					<ControlLinearNode>
						<t>1.1000000000000003</t>
						<value>0.022000000000000009</value>
					</ControlLinearNode>
					<ControlLinearNode>
						<t>1.1100000000000003</t>
						<value>0.022000000000000009</value>
					</ControlLinearNode>
					<ControlLinearNode>
						<t>1.1200000000000003</t>
						<value>0.054370386596379057</value>
					</ControlLinearNode>
					<ControlLinearNode>
						<t>1.1300000000000003</t>
						<value>0.022000000000000009</value>
					</ControlLinearNode>
					<ControlLinearNode>
						<t>1.1400000000000003</t>
						<value>0.022000000000000009</value>
					</ControlLinearNode>
					<ControlLinearNode>
						<t>1.1500000000000004</t>
						<value>0.022000000000000009</value>
					</ControlLinearNode>
					<ControlLinearNode>
						<t>1.1600000000000004</t>
						<value>0.022000000000000009</value>
					</ControlLinearNode>
					<ControlLinearNode>
						<t>1.1700000000000004</t>
						<value>0.02600000000000003</value>
					</ControlLinearNode>
					<ControlLinearNode>
						<t>1.1800000000000004</t>
						<value>0.022000000000000009</value>
					</ControlLinearNode>
					<ControlLinearNode>
						<t>1.1900000000000004</t>
						<value>0.022000000000000009</value>
					</ControlLinearNode>
					<ControlLinearNode>
						<t>1.2000000000000004</t>
						<value>0.02</value>
					</ControlLinearNode>
					<ControlLinearNode>
						<t>1.2100000000000004</t>
						<value>0.022000000000000009</value>
					</ControlLinearNode>
					<ControlLinearNode>
						<t>1.2200000000000004</t>
						<value>0.022000000000000009</value>
					</ControlLinearNode>
					<ControlLinearNode>
						<t>1.2300000000000004</t>
						<value>0.022000000000000009</value>
					</ControlLinearNode>
					<ControlLinearNode>
						<t>1.2400000000000004</t>
						<value>0.022000000000000009</value>
					</ControlLinearNode>
				</x_nodes>
				<min_nodes />
				<max_nodes />
				<kp>100</kp>
				<kv>20</kv>
			</ControlLinear>
			<ControlLinear name="MZ.excitation">
				<is_model_control>true</is_model_control>
				<extrapolate>true</extrapolate>
				<default_min>-10000</default_min>
				<default_max>10000</default_max>
				<filter_on>false</filter_on>
				<use_steps>false</use_steps>
				<x_nodes>
					<ControlLinearNode>
						<t>0.83000000000000007</t>
						<value>-10.467985243552903</value>
					</ControlLinearNode>
					<ControlLinearNode>
						<t>0.84000000000000008</t>
						<value>-10.079941980620788</value>
					</ControlLinearNode>
					<ControlLinearNode>
						<t>0.85000000000000009</t>
						<value>-9.4669576357737242</value>
					</ControlLinearNode>
					<ControlLinearNode>
						<t>0.8600000000000001</t>
						<value>-8.5038363282328646</value>
					</ControlLinearNode>
					<ControlLinearNode>
						<t>0.87000000000000011</t>
						<value>-7.3793619036368909</value>
					</ControlLinearNode>
					<ControlLinearNode>
						<t>0.88000000000000012</t>
						<value>-6.8039784772827261</value>
					</ControlLinearNode>
					<ControlLinearNode>
						<t>0.89000000000000012</t>
						<value>-6.222993309092999</value>
					</ControlLinearNode>
					<ControlLinearNode>
						<t>0.90000000000000013</t>
						<value>-5.8567681696495129</value>
					</ControlLinearNode>
					<ControlLinearNode>
						<t>0.91000000000000014</t>
						<value>-5.5785473264004395</value>
					</ControlLinearNode>
					<ControlLinearNode>
						<t>0.92000000000000015</t>
						<value>-5.3346374792854476</value>
					</ControlLinearNode>
					<ControlLinearNode>
						<t>0.93000000000000016</t>
						<value>-4.740753948532074</value>
					</ControlLinearNode>
					<ControlLinearNode>
						<t>0.94000000000000017</t>
						<value>-3.694971330512999</value>
					</ControlLinearNode>
					<ControlLinearNode>
						<t>0.95000000000000018</t>
						<value>-2.8431820433033863</value>
					</ControlLinearNode>
					<ControlLinearNode>
						<t>0.96000000000000019</t>
						<value>-2.0865859051245934</value>
					</ControlLinearNode>
					<ControlLinearNode>
						<t>0.9700000000000002</t>
						<value>-2.2839303427117557</value>
					</ControlLinearNode>
					<ControlLinearNode>
						<t>0.9800000000000002</t>
						<value>-2.242533130944139</value>
					</ControlLinearNode>
					<ControlLinearNode>
						<t>0.99000000000000021</t>
						<value>-2.017005441870424</value>
					</ControlLinearNode>
					<ControlLinearNode>
						<t>1.0000000000000002</t>
						<value>-1.5709700531606359</value>
					</ControlLinearNode>
					<ControlLinearNode>
						<t>1.0100000000000002</t>
						<value>-0.97065440152437077</value>
					</ControlLinearNode>
					<ControlLinearNode>
						<t>1.0200000000000002</t>
						<value>-0.80529782829762553</value>
					</ControlLinearNode>
					<ControlLinearNode>
						<t>1.0300000000000002</t>
						<value>-1.2418012314137741</value>
					</ControlLinearNode>
					<ControlLinearNode>
						<t>1.0400000000000003</t>
						<value>-1.6333864020580222</value>
					</ControlLinearNode>
					<ControlLinearNode>
						<t>1.0500000000000003</t>
						<value>-2.0514074198654271</value>
					</ControlLinearNode>
					<ControlLinearNode>
						<t>1.0600000000000003</t>
						<value>-2.5448228685545473</value>
					</ControlLinearNode>
					<ControlLinearNode>
						<t>1.0700000000000003</t>
						<value>-2.9885156007949263</value>
					</ControlLinearNode>
					<ControlLinearNode>
						<t>1.0800000000000003</t>
						<value>-3.2764648274678621</value>
					</ControlLinearNode>
					<ControlLinearNode>
						<t>1.0900000000000003</t>
						<value>-3.1061619013780728</value>
					</ControlLinearNode>
					<ControlLinearNode>
						<t>1.1000000000000003</t>
						<value>-2.2057675183841638</value>
					</ControlLinearNode>
					<ControlLinearNode>
						<t>1.1100000000000003</t>
						<value>-0.77273438176234777</value>
					</ControlLinearNode>
					<ControlLinearNode>
						<t>1.1200000000000003</t>
						<value>0.77086420548585011</value>
					</ControlLinearNode>
					<ControlLinearNode>
						<t>1.1300000000000003</t>
						<value>1.6854752766266756</value>
					</ControlLinearNode>
					<ControlLinearNode>
						<t>1.1400000000000003</t>
						<value>2.0127955379866762</value>
					</ControlLinearNode>
					<ControlLinearNode>
						<t>1.1500000000000004</t>
						<value>2.4944590152881574</value>
					</ControlLinearNode>
					<ControlLinearNode>
						<t>1.1600000000000004</t>
						<value>3.3083367094986897</value>
					</ControlLinearNode>
					<ControlLinearNode>
						<t>1.1700000000000004</t>
						<value>3.6688834100659733</value>
					</ControlLinearNode>
					<ControlLinearNode>
						<t>1.1800000000000004</t>
						<value>3.4170798329232639</value>
					</ControlLinearNode>
					<ControlLinearNode>
						<t>1.1900000000000004</t>
						<value>2.8542376647947094</value>
					</ControlLinearNode>
					<ControlLinearNode>
						<t>1.2000000000000004</t>
						<value>2.7715457725498709</value>
					</ControlLinearNode>
					<ControlLinearNode>
						<t>1.2100000000000004</t>
						<value>3.0831488192634424</value>
					</ControlLinearNode>
					<ControlLinearNode>
						<t>1.2200000000000004</t>
						<value>3.8392386518371495</value>
					</ControlLinearNode>
					<ControlLinearNode>
						<t>1.2300000000000004</t>
						<value>4.7626717521034152</value>
					</ControlLinearNode>
					<ControlLinearNode>
						<t>1.2400000000000004</t>
						<value>6.032015053955547</value>
					</ControlLinearNode>
				</x_nodes>
				<min_nodes />
				<max_nodes />
				<kp>100</kp>
				<kv>20</kv>
			</ControlLinear>
			<ControlLinear name="FX.excitation">
				<is_model_control>true</is_model_control>
				<extrapolate>true</extrapolate>
				<default_min>-10000</default_min>
				<default_max>10000</default_max>
				<filter_on>false</filter_on>
				<use_steps>false</use_steps>
				<x_nodes>
					<ControlLinearNode>
						<t>0.83000000000000007</t>
						<value>0.68719912953929452</value>
					</ControlLinearNode>
					<ControlLinearNode>
						<t>0.84000000000000008</t>
						<value>0.22246167659432103</value>
					</ControlLinearNode>
					<ControlLinearNode>
						<t>0.85000000000000009</t>
						<value>-0.053317453477575327</value>
					</ControlLinearNode>
					<ControlLinearNode>
						<t>0.8600000000000001</t>
						<value>0.03490185875853058</value>
					</ControlLinearNode>
					<ControlLinearNode>
						<t>0.87000000000000011</t>
						<value>1.3083051576959406</value>
					</ControlLinearNode>
					<ControlLinearNode>
						<t>0.88000000000000012</t>
						<value>0.28396395610980107</value>
					</ControlLinearNode>
					<ControlLinearNode>
						<t>0.89000000000000012</t>
						<value>1.0810820776187029</value>
					</ControlLinearNode>
					<ControlLinearNode>
						<t>0.90000000000000013</t>
						<value>0.30294743655394996</value>
					</ControlLinearNode>
					<ControlLinearNode>
						<t>0.91000000000000014</t>
						<value>-0.33794664834204013</value>
					</ControlLinearNode>
					<ControlLinearNode>
						<t>0.92000000000000015</t>
						<value>-1.0052849363146379</value>
					</ControlLinearNode>
					<ControlLinearNode>
						<t>0.93000000000000016</t>
						<value>-0.71858090448040457</value>
					</ControlLinearNode>
					<ControlLinearNode>
						<t>0.94000000000000017</t>
						<value>-0.44801474029372912</value>
					</ControlLinearNode>
					<ControlLinearNode>
						<t>0.95000000000000018</t>
						<value>-1.1020787207617104</value>
					</ControlLinearNode>
					<ControlLinearNode>
						<t>0.96000000000000019</t>
						<value>-0.23206475989536557</value>
					</ControlLinearNode>
					<ControlLinearNode>
						<t>0.9700000000000002</t>
						<value>-1.0219013398582319</value>
					</ControlLinearNode>
					<ControlLinearNode>
						<t>0.9800000000000002</t>
						<value>-0.74327015329254209</value>
					</ControlLinearNode>
					<ControlLinearNode>
						<t>0.99000000000000021</t>
						<value>0.34840254472510424</value>
					</ControlLinearNode>
					<ControlLinearNode>
						<t>1.0000000000000002</t>
						<value>-0.17480053651706839</value>
					</ControlLinearNode>
					<ControlLinearNode>
						<t>1.0100000000000002</t>
						<value>-0.56637005817901809</value>
					</ControlLinearNode>
					<ControlLinearNode>
						<t>1.0200000000000002</t>
						<value>-0.10091531440230028</value>
					</ControlLinearNode>
					<ControlLinearNode>
						<t>1.0300000000000002</t>
						<value>-0.35552202901089913</value>
					</ControlLinearNode>
					<ControlLinearNode>
						<t>1.0400000000000003</t>
						<value>1.1050890195874672</value>
					</ControlLinearNode>
					<ControlLinearNode>
						<t>1.0500000000000003</t>
						<value>1.5472002027345297</value>
					</ControlLinearNode>
					<ControlLinearNode>
						<t>1.0600000000000003</t>
						<value>1.5411636083081248</value>
					</ControlLinearNode>
					<ControlLinearNode>
						<t>1.0700000000000003</t>
						<value>1.6111577124956966</value>
					</ControlLinearNode>
					<ControlLinearNode>
						<t>1.0800000000000003</t>
						<value>1.4533307406381937</value>
					</ControlLinearNode>
					<ControlLinearNode>
						<t>1.0900000000000003</t>
						<value>1.6145721860466438</value>
					</ControlLinearNode>
					<ControlLinearNode>
						<t>1.1000000000000003</t>
						<value>2.1960128611553955</value>
					</ControlLinearNode>
					<ControlLinearNode>
						<t>1.1100000000000003</t>
						<value>2.0894739622235647</value>
					</ControlLinearNode>
					<ControlLinearNode>
						<t>1.1200000000000003</t>
						<value>2.7680307550253929</value>
					</ControlLinearNode>
					<ControlLinearNode>
						<t>1.1300000000000003</t>
						<value>2.9094332421227591</value>
					</ControlLinearNode>
					<ControlLinearNode>
						<t>1.1400000000000003</t>
						<value>2.2795836917030101</value>
					</ControlLinearNode>
					<ControlLinearNode>
						<t>1.1500000000000004</t>
						<value>2.196781171429393</value>
					</ControlLinearNode>
					<ControlLinearNode>
						<t>1.1600000000000004</t>
						<value>3.4990968990550755</value>
					</ControlLinearNode>
					<ControlLinearNode>
						<t>1.1700000000000004</t>
						<value>3.1097269412730384</value>
					</ControlLinearNode>
					<ControlLinearNode>
						<t>1.1800000000000004</t>
						<value>2.9380234822110651</value>
					</ControlLinearNode>
					<ControlLinearNode>
						<t>1.1900000000000004</t>
						<value>3.2454020309178304</value>
					</ControlLinearNode>
					<ControlLinearNode>
						<t>1.2000000000000004</t>
						<value>4.5490258240188268</value>
					</ControlLinearNode>
					<ControlLinearNode>
						<t>1.2100000000000004</t>
						<value>4.1504400195899507</value>
					</ControlLinearNode>
					<ControlLinearNode>
						<t>1.2200000000000004</t>
						<value>4.268460153538399</value>
					</ControlLinearNode>
					<ControlLinearNode>
						<t>1.2300000000000004</t>
						<value>4.4618098340888537</value>
					</ControlLinearNode>
					<ControlLinearNode>
						<t>1.2400000000000004</t>
						<value>4.0444921986891131</value>
					</ControlLinearNode>
				</x_nodes>
				<min_nodes />
				<max_nodes />
				<kp>100</kp>
				<kv>20</kv>
			</ControlLinear>
			<ControlLinear name="FY.excitation">
				<is_model_control>true</is_model_control>
				<extrapolate>true</extrapolate>
				<default_min>-10000</default_min>
				<default_max>10000</default_max>
				<filter_on>false</filter_on>
				<use_steps>false</use_steps>
				<x_nodes>
					<ControlLinearNode>
						<t>0.83000000000000007</t>
						<value>0.090886512345605297</value>
					</ControlLinearNode>
					<ControlLinearNode>
						<t>0.84000000000000008</t>
						<value>-0.29498009805683978</value>
					</ControlLinearNode>
					<ControlLinearNode>
						<t>0.85000000000000009</t>
						<value>-0.11424930353132368</value>
					</ControlLinearNode>
					<ControlLinearNode>
						<t>0.8600000000000001</t>
						<value>-0.091908712540316628</value>
					</ControlLinearNode>
					<ControlLinearNode>
						<t>0.87000000000000011</t>
						<value>0.18736177783102903</value>
					</ControlLinearNode>
					<ControlLinearNode>
						<t>0.88000000000000012</t>
						<value>0.081644503799907397</value>
					</ControlLinearNode>
					<ControlLinearNode>
						<t>0.89000000000000012</t>
						<value>0.14650428494314838</value>
					</ControlLinearNode>
					<ControlLinearNode>
						<t>0.90000000000000013</t>
						<value>-0.31185418476889026</value>
					</ControlLinearNode>
					<ControlLinearNode>
						<t>0.91000000000000014</t>
						<value>0.09220786838704953</value>
					</ControlLinearNode>
					<ControlLinearNode>
						<t>0.92000000000000015</t>
						<value>-0.45967340214156138</value>
					</ControlLinearNode>
					<ControlLinearNode>
						<t>0.93000000000000016</t>
						<value>-0.35233509843783395</value>
					</ControlLinearNode>
					<ControlLinearNode>
						<t>0.94000000000000017</t>
						<value>0.59460130536172073</value>
					</ControlLinearNode>
					<ControlLinearNode>
						<t>0.95000000000000018</t>
						<value>-0.84301583492197096</value>
					</ControlLinearNode>
					<ControlLinearNode>
						<t>0.96000000000000019</t>
						<value>0.61505938279697148</value>
					</ControlLinearNode>
					<ControlLinearNode>
						<t>0.9700000000000002</t>
						<value>0.09325888642888458</value>
					</ControlLinearNode>
					<ControlLinearNode>
						<t>0.9800000000000002</t>
						<value>-0.52896944234998955</value>
					</ControlLinearNode>
					<ControlLinearNode>
						<t>0.99000000000000021</t>
						<value>0.76921799454794382</value>
					</ControlLinearNode>
					<ControlLinearNode>
						<t>1.0000000000000002</t>
						<value>-0.064611409548888332</value>
					</ControlLinearNode>
					<ControlLinearNode>
						<t>1.0100000000000002</t>
						<value>-0.9479187700253533</value>
					</ControlLinearNode>
					<ControlLinearNode>
						<t>1.0200000000000002</t>
						<value>-0.019233386303312727</value>
					</ControlLinearNode>
					<ControlLinearNode>
						<t>1.0300000000000002</t>
						<value>-0.018128728286683327</value>
					</ControlLinearNode>
					<ControlLinearNode>
						<t>1.0400000000000003</t>
						<value>-0.45744493262827746</value>
					</ControlLinearNode>
					<ControlLinearNode>
						<t>1.0500000000000003</t>
						<value>-0.36644235211679188</value>
					</ControlLinearNode>
					<ControlLinearNode>
						<t>1.0600000000000003</t>
						<value>1.2028531403557281</value>
					</ControlLinearNode>
					<ControlLinearNode>
						<t>1.0700000000000003</t>
						<value>0.4863669643382309</value>
					</ControlLinearNode>
					<ControlLinearNode>
						<t>1.0800000000000003</t>
						<value>0.39443810763805232</value>
					</ControlLinearNode>
					<ControlLinearNode>
						<t>1.0900000000000003</t>
						<value>1.0513893669158278</value>
					</ControlLinearNode>
					<ControlLinearNode>
						<t>1.1000000000000003</t>
						<value>0.028995697051868774</value>
					</ControlLinearNode>
					<ControlLinearNode>
						<t>1.1100000000000003</t>
						<value>0.11153075813672331</value>
					</ControlLinearNode>
					<ControlLinearNode>
						<t>1.1200000000000003</t>
						<value>0.15167461764031032</value>
					</ControlLinearNode>
					<ControlLinearNode>
						<t>1.1300000000000003</t>
						<value>-0.59574268283358833</value>
					</ControlLinearNode>
					<ControlLinearNode>
						<t>1.1400000000000003</t>
						<value>-0.5931029371186014</value>
					</ControlLinearNode>
					<ControlLinearNode>
						<t>1.1500000000000004</t>
						<value>-0.85946546476588992</value>
					</ControlLinearNode>
					<ControlLinearNode>
						<t>1.1600000000000004</t>
						<value>0.17607339499772934</value>
					</ControlLinearNode>
					<ControlLinearNode>
						<t>1.1700000000000004</t>
						<value>0.40004373764713819</value>
					</ControlLinearNode>
					<ControlLinearNode>
						<t>1.1800000000000004</t>
						<value>-0.24088668604417762</value>
					</ControlLinearNode>
					<ControlLinearNode>
						<t>1.1900000000000004</t>
						<value>1.1909735277477012</value>
					</ControlLinearNode>
					<ControlLinearNode>
						<t>1.2000000000000004</t>
						<value>0.91045613260212122</value>
					</ControlLinearNode>
					<ControlLinearNode>
						<t>1.2100000000000004</t>
						<value>0.41690152677620063</value>
					</ControlLinearNode>
					<ControlLinearNode>
						<t>1.2200000000000004</t>
						<value>-0.74074245231713576</value>
					</ControlLinearNode>
					<ControlLinearNode>
						<t>1.2300000000000004</t>
						<value>-1.0814656093461963</value>
					</ControlLinearNode>
					<ControlLinearNode>
						<t>1.2400000000000004</t>
						<value>-0.30277618029140285</value>
					</ControlLinearNode>
				</x_nodes>
				<min_nodes />
				<max_nodes />
				<kp>100</kp>
				<kv>20</kv>
			</ControlLinear>
			<ControlLinear name="hip_flexion_r_moment.excitation">
				<is_model_control>true</is_model_control>
				<extrapolate>true</extrapolate>
				<default_min>-10000</default_min>
				<default_max>10000</default_max>
				<filter_on>false</filter_on>
				<use_steps>false</use_steps>
				<x_nodes>
					<ControlLinearNode>
						<t>0.83000000000000007</t>
						<value>-0.0013000294438825222</value>
					</ControlLinearNode>
					<ControlLinearNode>
						<t>0.84000000000000008</t>
						<value>-0.0017927396984305233</value>
					</ControlLinearNode>
					<ControlLinearNode>
						<t>0.85000000000000009</t>
						<value>-0.0016067224041762529</value>
					</ControlLinearNode>
					<ControlLinearNode>
						<t>0.8600000000000001</t>
						<value>-0.0015950130764394999</value>
					</ControlLinearNode>
					<ControlLinearNode>
						<t>0.87000000000000011</t>
						<value>-0.0013104230238241144</value>
					</ControlLinearNode>
					<ControlLinearNode>
						<t>0.88000000000000012</t>
						<value>-0.0020512133069132688</value>
					</ControlLinearNode>
					<ControlLinearNode>
						<t>0.89000000000000012</t>
						<value>-0.0010573668205324793</value>
					</ControlLinearNode>
					<ControlLinearNode>
						<t>0.90000000000000013</t>
						<value>-0.00039798636134946719</value>
					</ControlLinearNode>
					<ControlLinearNode>
						<t>0.91000000000000014</t>
						<value>-0.001144067546192673</value>
					</ControlLinearNode>
					<ControlLinearNode>
						<t>0.92000000000000015</t>
						<value>-0.0017408446401532274</value>
					</ControlLinearNode>
					<ControlLinearNode>
						<t>0.93000000000000016</t>
						<value>-0.00050622454182303045</value>
					</ControlLinearNode>
					<ControlLinearNode>
						<t>0.94000000000000017</t>
						<value>-0.0004229584192216862</value>
					</ControlLinearNode>
					<ControlLinearNode>
						<t>0.95000000000000018</t>
						<value>-0.00070786657306598499</value>
					</ControlLinearNode>
					<ControlLinearNode>
						<t>0.96000000000000019</t>
						<value>-0.00062512380645785015</value>
					</ControlLinearNode>
					<ControlLinearNode>
						<t>0.9700000000000002</t>
						<value>-0.00063585632597096264</value>
					</ControlLinearNode>
					<ControlLinearNode>
						<t>0.9800000000000002</t>
						<value>0.00030723679628863465</value>
					</ControlLinearNode>
					<ControlLinearNode>
						<t>0.99000000000000021</t>
						<value>0.00034710162253759336</value>
					</ControlLinearNode>
					<ControlLinearNode>
						<t>1.0000000000000002</t>
						<value>0.00046023739196243696</value>
					</ControlLinearNode>
					<ControlLinearNode>
						<t>1.0100000000000002</t>
						<value>-5.9018782849307172e-05</value>
					</ControlLinearNode>
					<ControlLinearNode>
						<t>1.0200000000000002</t>
						<value>6.5186199208255857e-05</value>
					</ControlLinearNode>
					<ControlLinearNode>
						<t>1.0300000000000002</t>
						<value>0.00026812402393261436</value>
					</ControlLinearNode>
					<ControlLinearNode>
						<t>1.0400000000000003</t>
						<value>0.00073996475111925974</value>
					</ControlLinearNode>
					<ControlLinearNode>
						<t>1.0500000000000003</t>
						<value>-0.00028189069053041749</value>
					</ControlLinearNode>
					<ControlLinearNode>
						<t>1.0600000000000003</t>
						<value>0.00043766164344560821</value>
					</ControlLinearNode>
					<ControlLinearNode>
						<t>1.0700000000000003</t>
						<value>-6.8495599407469854e-05</value>
					</ControlLinearNode>
					<ControlLinearNode>
						<t>1.0800000000000003</t>
						<value>-0.00028106773970648646</value>
					</ControlLinearNode>
					<ControlLinearNode>
						<t>1.0900000000000003</t>
						<value>0.00018308126891497523</value>
					</ControlLinearNode>
					<ControlLinearNode>
						<t>1.1000000000000003</t>
						<value>0.00060885405582666863</value>
					</ControlLinearNode>
					<ControlLinearNode>
						<t>1.1100000000000003</t>
						<value>0.00082815503628808074</value>
					</ControlLinearNode>
					<ControlLinearNode>
						<t>1.1200000000000003</t>
						<value>0.0012170979971415363</value>
					</ControlLinearNode>
					<ControlLinearNode>
						<t>1.1300000000000003</t>
						<value>0.00083518321662268136</value>
					</ControlLinearNode>
					<ControlLinearNode>
						<t>1.1400000000000003</t>
						<value>0.00073982763751700986</value>
					</ControlLinearNode>
					<ControlLinearNode>
						<t>1.1500000000000004</t>
						<value>0.00068530587850545999</value>
					</ControlLinearNode>
					<ControlLinearNode>
						<t>1.1600000000000004</t>
						<value>0.00089448498329147696</value>
					</ControlLinearNode>
					<ControlLinearNode>
						<t>1.1700000000000004</t>
						<value>0.0019904201672034105</value>
					</ControlLinearNode>
					<ControlLinearNode>
						<t>1.1800000000000004</t>
						<value>0.0017013124652294209</value>
					</ControlLinearNode>
					<ControlLinearNode>
						<t>1.1900000000000004</t>
						<value>0.0009165146439045202</value>
					</ControlLinearNode>
					<ControlLinearNode>
						<t>1.2000000000000004</t>
						<value>0.0016092550122266402</value>
					</ControlLinearNode>
					<ControlLinearNode>
						<t>1.2100000000000004</t>
						<value>0.0017128488561866106</value>
					</ControlLinearNode>
					<ControlLinearNode>
						<t>1.2200000000000004</t>
						<value>0.0010968082369799959</value>
					</ControlLinearNode>
					<ControlLinearNode>
						<t>1.2300000000000004</t>
						<value>0.0016839612144394778</value>
					</ControlLinearNode>
					<ControlLinearNode>
						<t>1.2400000000000004</t>
						<value>0.0018624437707330799</value>
					</ControlLinearNode>
				</x_nodes>
				<min_nodes />
				<max_nodes />
				<kp>100</kp>
				<kv>20</kv>
			</ControlLinear>
			<ControlLinear name="knee_angle_r_moment.excitation">
				<is_model_control>true</is_model_control>
				<extrapolate>true</extrapolate>
				<default_min>-10000</default_min>
				<default_max>10000</default_max>
				<filter_on>false</filter_on>
				<use_steps>false</use_steps>
				<x_nodes>
					<ControlLinearNode>
						<t>0.83000000000000007</t>
						<value>0.0016886221874301555</value>
					</ControlLinearNode>
					<ControlLinearNode>
						<t>0.84000000000000008</t>
						<value>0.0014273319393396378</value>
					</ControlLinearNode>
					<ControlLinearNode>
						<t>0.85000000000000009</t>
						<value>0.00097140690559172072</value>
					</ControlLinearNode>
					<ControlLinearNode>
						<t>0.8600000000000001</t>
						<value>0.0015226054401864531</value>
					</ControlLinearNode>
					<ControlLinearNode>
						<t>0.87000000000000011</t>
						<value>0.0014830757663730765</value>
					</ControlLinearNode>
					<ControlLinearNode>
						<t>0.88000000000000012</t>
						<value>0.0017835563867265591</value>
					</ControlLinearNode>
					<ControlLinearNode>
						<t>0.89000000000000012</t>
						<value>0.0010347953448217595</value>
					</ControlLinearNode>
					<ControlLinearNode>
						<t>0.90000000000000013</t>
						<value>0.00078306510658876505</value>
					</ControlLinearNode>
					<ControlLinearNode>
						<t>0.91000000000000014</t>
						<value>0.00097221735086350236</value>
					</ControlLinearNode>
					<ControlLinearNode>
						<t>0.92000000000000015</t>
						<value>0.00093052211013855413</value>
					</ControlLinearNode>
					<ControlLinearNode>
						<t>0.93000000000000016</t>
						<value>0.00088345485892205033</value>
					</ControlLinearNode>
					<ControlLinearNode>
						<t>0.94000000000000017</t>
						<value>0.00057808447672869079</value>
					</ControlLinearNode>
					<ControlLinearNode>
						<t>0.95000000000000018</t>
						<value>0.00051842314678651746</value>
					</ControlLinearNode>
					<ControlLinearNode>
						<t>0.96000000000000019</t>
						<value>0.00020447112001420464</value>
					</ControlLinearNode>
					<ControlLinearNode>
						<t>0.9700000000000002</t>
						<value>-3.450373696978204e-06</value>
					</ControlLinearNode>
					<ControlLinearNode>
						<t>0.9800000000000002</t>
						<value>-0.00013933692207501736</value>
					</ControlLinearNode>
					<ControlLinearNode>
						<t>0.99000000000000021</t>
						<value>-0.00023213095118990168</value>
					</ControlLinearNode>
					<ControlLinearNode>
						<t>1.0000000000000002</t>
						<value>0.00048163887549890205</value>
					</ControlLinearNode>
					<ControlLinearNode>
						<t>1.0100000000000002</t>
						<value>-0.00081593371032795403</value>
					</ControlLinearNode>
					<ControlLinearNode>
						<t>1.0200000000000002</t>
						<value>-0.0010415757351438515</value>
					</ControlLinearNode>
					<ControlLinearNode>
						<t>1.0300000000000002</t>
						<value>-0.0013224848989921156</value>
					</ControlLinearNode>
					<ControlLinearNode>
						<t>1.0400000000000003</t>
						<value>-0.0016487477787450189</value>
					</ControlLinearNode>
					<ControlLinearNode>
						<t>1.0500000000000003</t>
						<value>-0.0006835202693764586</value>
					</ControlLinearNode>
					<ControlLinearNode>
						<t>1.0600000000000003</t>
						<value>-0.0012090248528693337</value>
					</ControlLinearNode>
					<ControlLinearNode>
						<t>1.0700000000000003</t>
						<value>-0.00037776758472318761</value>
					</ControlLinearNode>
					<ControlLinearNode>
						<t>1.0800000000000003</t>
						<value>-0.0010954543595289579</value>
					</ControlLinearNode>
					<ControlLinearNode>
						<t>1.0900000000000003</t>
						<value>-0.0013319460267666727</value>
					</ControlLinearNode>
					<ControlLinearNode>
						<t>1.1000000000000003</t>
						<value>-0.0018368627097515855</value>
					</ControlLinearNode>
					<ControlLinearNode>
						<t>1.1100000000000003</t>
						<value>-0.0026555548301985255</value>
					</ControlLinearNode>
					<ControlLinearNode>
						<t>1.1200000000000003</t>
						<value>-0.0024063254604698159</value>
					</ControlLinearNode>
					<ControlLinearNode>
						<t>1.1300000000000003</t>
						<value>-0.0026211805106868269</value>
					</ControlLinearNode>
					<ControlLinearNode>
						<t>1.1400000000000003</t>
						<value>-0.0028664543297054479</value>
					</ControlLinearNode>
					<ControlLinearNode>
						<t>1.1500000000000004</t>
						<value>-0.00332822849668446</value>
					</ControlLinearNode>
					<ControlLinearNode>
						<t>1.1600000000000004</t>
						<value>-0.0035167085297871381</value>
					</ControlLinearNode>
					<ControlLinearNode>
						<t>1.1700000000000004</t>
						<value>-0.0038509309670189396</value>
					</ControlLinearNode>
					<ControlLinearNode>
						<t>1.1800000000000004</t>
						<value>-0.0047724429587105988</value>
					</ControlLinearNode>
					<ControlLinearNode>
						<t>1.1900000000000004</t>
						<value>-0.0046279047364805592</value>
					</ControlLinearNode>
					<ControlLinearNode>
						<t>1.2000000000000004</t>
						<value>-0.0048014966560003813</value>
					</ControlLinearNode>
					<ControlLinearNode>
						<t>1.2100000000000004</t>
						<value>-0.005118554166983813</value>
					</ControlLinearNode>
					<ControlLinearNode>
						<t>1.2200000000000004</t>
						<value>-0.0049970886484516086</value>
					</ControlLinearNode>
					<ControlLinearNode>
						<t>1.2300000000000004</t>
						<value>-0.0051311260722286534</value>
					</ControlLinearNode>
					<ControlLinearNode>
						<t>1.2400000000000004</t>
						<value>-0.0054870301191840554</value>
					</ControlLinearNode>
				</x_nodes>
				<min_nodes />
				<max_nodes />
				<kp>100</kp>
				<kv>20</kv>
			</ControlLinear>
			<ControlLinear name="ankle_angle_r_moment.excitation">
				<is_model_control>true</is_model_control>
				<extrapolate>true</extrapolate>
				<default_min>-10000</default_min>
				<default_max>10000</default_max>
				<filter_on>false</filter_on>
				<use_steps>false</use_steps>
				<x_nodes>
					<ControlLinearNode>
						<t>0.83000000000000007</t>
						<value>0.00028413561085471883</value>
					</ControlLinearNode>
					<ControlLinearNode>
						<t>0.84000000000000008</t>
						<value>-6.7654375015990809e-05</value>
					</ControlLinearNode>
					<ControlLinearNode>
						<t>0.85000000000000009</t>
						<value>-3.9818074583308771e-05</value>
					</ControlLinearNode>
					<ControlLinearNode>
						<t>0.8600000000000001</t>
						<value>-0.00048944370428216644</value>
					</ControlLinearNode>
					<ControlLinearNode>
						<t>0.87000000000000011</t>
						<value>-0.00035968802149000112</value>
					</ControlLinearNode>
					<ControlLinearNode>
						<t>0.88000000000000012</t>
						<value>-0.00059175534079258796</value>
					</ControlLinearNode>
					<ControlLinearNode>
						<t>0.89000000000000012</t>
						<value>-0.00033399389212718233</value>
					</ControlLinearNode>
					<ControlLinearNode>
						<t>0.90000000000000013</t>
						<value>-0.00060301697885734029</value>
					</ControlLinearNode>
					<ControlLinearNode>
						<t>0.91000000000000014</t>
						<value>9.9314422186580487e-05</value>
					</ControlLinearNode>
					<ControlLinearNode>
						<t>0.92000000000000015</t>
						<value>-0.00036324692700873129</value>
					</ControlLinearNode>
					<ControlLinearNode>
						<t>0.93000000000000016</t>
						<value>0.00034515183870098554</value>
					</ControlLinearNode>
					<ControlLinearNode>
						<t>0.94000000000000017</t>
						<value>-0.00028114233282394707</value>
					</ControlLinearNode>
					<ControlLinearNode>
						<t>0.95000000000000018</t>
						<value>0.0014399371721083298</value>
					</ControlLinearNode>
					<ControlLinearNode>
						<t>0.96000000000000019</t>
						<value>-0.00055119413082138635</value>
					</ControlLinearNode>
					<ControlLinearNode>
						<t>0.9700000000000002</t>
						<value>0.0024877203995856689</value>
					</ControlLinearNode>
					<ControlLinearNode>
						<t>0.9800000000000002</t>
						<value>-0.00069976104714442044</value>
					</ControlLinearNode>
					<ControlLinearNode>
						<t>0.99000000000000021</t>
						<value>-0.00097840458874998149</value>
					</ControlLinearNode>
					<ControlLinearNode>
						<t>1.0000000000000002</t>
						<value>-0.0011543004238774301</value>
					</ControlLinearNode>
					<ControlLinearNode>
						<t>1.0100000000000002</t>
						<value>-0.00080993105984816793</value>
					</ControlLinearNode>
					<ControlLinearNode>
						<t>1.0200000000000002</t>
						<value>1.2000453352811746e-05</value>
					</ControlLinearNode>
					<ControlLinearNode>
						<t>1.0300000000000002</t>
						<value>-0.00078651475814695004</value>
					</ControlLinearNode>
					<ControlLinearNode>
						<t>1.0400000000000003</t>
						<value>-0.00077760790009051561</value>
					</ControlLinearNode>
					<ControlLinearNode>
						<t>1.0500000000000003</t>
						<value>-0.0011321133988531074</value>
					</ControlLinearNode>
					<ControlLinearNode>
						<t>1.0600000000000003</t>
						<value>-0.00096678643240011297</value>
					</ControlLinearNode>
					<ControlLinearNode>
						<t>1.0700000000000003</t>
						<value>-0.00043300001925672404</value>
					</ControlLinearNode>
					<ControlLinearNode>
						<t>1.0800000000000003</t>
						<value>-0.00041152081939799245</value>
					</ControlLinearNode>
					<ControlLinearNode>
						<t>1.0900000000000003</t>
						<value>-0.00050903691044368315</value>
					</ControlLinearNode>
					<ControlLinearNode>
						<t>1.1000000000000003</t>
						<value>-0.00072907253343146294</value>
					</ControlLinearNode>
					<ControlLinearNode>
						<t>1.1100000000000003</t>
						<value>-0.00064743393886601552</value>
					</ControlLinearNode>
					<ControlLinearNode>
						<t>1.1200000000000003</t>
						<value>-0.0003848082687909482</value>
					</ControlLinearNode>
					<ControlLinearNode>
						<t>1.1300000000000003</t>
						<value>-0.0015236221242957981</value>
					</ControlLinearNode>
					<ControlLinearNode>
						<t>1.1400000000000003</t>
						<value>-0.00049732786283129826</value>
					</ControlLinearNode>
					<ControlLinearNode>
						<t>1.1500000000000004</t>
						<value>-0.00083803171582985669</value>
					</ControlLinearNode>
					<ControlLinearNode>
						<t>1.1600000000000004</t>
						<value>-0.00095082643383648247</value>
					</ControlLinearNode>
					<ControlLinearNode>
						<t>1.1700000000000004</t>
						<value>-0.0011852143270516535</value>
					</ControlLinearNode>
					<ControlLinearNode>
						<t>1.1800000000000004</t>
						<value>-0.0013258198159746826</value>
					</ControlLinearNode>
					<ControlLinearNode>
						<t>1.1900000000000004</t>
						<value>-0.00144000145883183</value>
					</ControlLinearNode>
					<ControlLinearNode>
						<t>1.2000000000000004</t>
						<value>-0.00071651484904577956</value>
					</ControlLinearNode>
					<ControlLinearNode>
						<t>1.2100000000000004</t>
						<value>-0.0011930928267247509</value>
					</ControlLinearNode>
					<ControlLinearNode>
						<t>1.2200000000000004</t>
						<value>-0.0011962705466430634</value>
					</ControlLinearNode>
					<ControlLinearNode>
						<t>1.2300000000000004</t>
						<value>-0.0013452307030092925</value>
					</ControlLinearNode>
					<ControlLinearNode>
						<t>1.2400000000000004</t>
						<value>-0.0015385612769023282</value>
					</ControlLinearNode>
				</x_nodes>
				<min_nodes />
				<max_nodes />
				<kp>100</kp>
				<kv>20</kv>
			</ControlLinear>
		</objects>
		<groups />
	</ControlSet>
</OpenSimDocument>
