<?xml version="1.0" encoding="UTF-8" ?>
<OpenSimDocument Version="30000">
	<ControlSet name="Control Set">
		<objects>
			<ControlLinear name="PlantarFlexAssist.excitation">
				<is_model_control>true</is_model_control>
				<extrapolate>true</extrapolate>
				<default_min>0</default_min>
				<default_max>15.488428</default_max>
				<filter_on>false</filter_on>
				<use_steps>false</use_steps>
				<x_nodes>
					<ControlLinearNode>
						<t>0.654092</t>
						<value>0</value>
					</ControlLinearNode>
					<ControlLinearNode>
						<t>1.164087</t>
						<value>1.00306</value>
					</ControlLinearNode>
					<ControlLinearNode>
						<t>1.172175</t>
						<value>1.382094</value>
					</ControlLinearNode>
					<ControlLinearNode>
						<t>1.178198</t>
						<value>1.79576</value>
					</ControlLinearNode>
					<ControlLinearNode>
						<t>1.18336</t>
						<value>2.257527</value>
					</ControlLinearNode>
					<ControlLinearNode>
						<t>1.188523</t>
						<value>2.796254</value>
					</ControlLinearNode>
					<ControlLinearNode>
						<t>1.193685</t>
						<value>3.38629</value>
					</ControlLinearNode>
					<ControlLinearNode>
						<t>1.197987</t>
						<value>3.950671</value>
					</ControlLinearNode>
					<ControlLinearNode>
						<t>1.201429</t>
						<value>4.450919</value>
					</ControlLinearNode>
					<ControlLinearNode>
						<t>1.20487</t>
						<value>4.931926</value>
					</ControlLinearNode>
					<ControlLinearNode>
						<t>1.208312</t>
						<value>5.432173</value>
					</ControlLinearNode>
					<ControlLinearNode>
						<t>1.211754</t>
						<value>5.951661</value>
					</ControlLinearNode>
					<ControlLinearNode>
						<t>1.215195</t>
						<value>6.509629</value>
					</ControlLinearNode>
					<ControlLinearNode>
						<t>1.218637</t>
						<value>7.009876</value>
					</ControlLinearNode>
					<ControlLinearNode>
						<t>1.222078</t>
						<value>7.471643</value>
					</ControlLinearNode>
					<ControlLinearNode>
						<t>1.22466</t>
						<value>7.97189</value>
					</ControlLinearNode>
					<ControlLinearNode>
						<t>1.228101</t>
						<value>8.491378</value>
					</ControlLinearNode>
					<ControlLinearNode>
						<t>1.230682</t>
						<value>9.030106</value>
					</ControlLinearNode>
					<ControlLinearNode>
						<t>1.234124</t>
						<value>9.549594</value>
					</ControlLinearNode>
					<ControlLinearNode>
						<t>1.237566</t>
						<value>10.030601</value>
					</ControlLinearNode>
					<ControlLinearNode>
						<t>1.241007</t>
						<value>10.511608</value>
					</ControlLinearNode>
					<ControlLinearNode>
						<t>1.244449</t>
						<value>11.011855</value>
					</ControlLinearNode>
					<ControlLinearNode>
						<t>1.248751</t>
						<value>11.569823</value>
					</ControlLinearNode>
					<ControlLinearNode>
						<t>1.253053</t>
						<value>12.089311</value>
					</ControlLinearNode>
					<ControlLinearNode>
						<t>1.256494</t>
						<value>12.531837</value>
					</ControlLinearNode>
					<ControlLinearNode>
						<t>1.260796</t>
						<value>13.044912</value>
					</ControlLinearNode>
					<ControlLinearNode>
						<t>1.265959</t>
						<value>13.545159</value>
					</ControlLinearNode>
					<ControlLinearNode>
						<t>1.271982</t>
						<value>14.0903</value>
					</ControlLinearNode>
					<ControlLinearNode>
						<t>1.278865</t>
						<value>14.571307</value>
					</ControlLinearNode>
					<ControlLinearNode>
						<t>1.287469</t>
						<value>15.033074</value>
					</ControlLinearNode>
					<ControlLinearNode>
						<t>1.297794</t>
						<value>15.379399</value>
					</ControlLinearNode>
					<ControlLinearNode>
						<t>1.308118</t>
						<value>15.488428</value>
					</ControlLinearNode>
					<ControlLinearNode>
						<t>1.318443</t>
						<value>15.379399</value>
					</ControlLinearNode>
					<ControlLinearNode>
						<t>1.327907</t>
						<value>15.063859</value>
					</ControlLinearNode>
					<ControlLinearNode>
						<t>1.336511</t>
						<value>14.62518</value>
					</ControlLinearNode>
					<ControlLinearNode>
						<t>1.343395</t>
						<value>14.109541</value>
					</ControlLinearNode>
					<ControlLinearNode>
						<t>1.348557</t>
						<value>13.686254</value>
					</ControlLinearNode>
					<ControlLinearNode>
						<t>1.353719</t>
						<value>13.160353</value>
					</ControlLinearNode>
					<ControlLinearNode>
						<t>1.358021</t>
						<value>12.666519</value>
					</ControlLinearNode>
					<ControlLinearNode>
						<t>1.361463</t>
						<value>12.262473</value>
					</ControlLinearNode>
					<ControlLinearNode>
						<t>1.364905</t>
						<value>11.800707</value>
					</ControlLinearNode>
					<ControlLinearNode>
						<t>1.368346</t>
						<value>11.33894</value>
					</ControlLinearNode>
					<ControlLinearNode>
						<t>1.371788</t>
						<value>10.896413</value>
					</ControlLinearNode>
					<ControlLinearNode>
						<t>1.375229</t>
						<value>10.434647</value>
					</ControlLinearNode>
					<ControlLinearNode>
						<t>1.378671</t>
						<value>9.915159</value>
					</ControlLinearNode>
					<ControlLinearNode>
						<t>1.382113</t>
						<value>9.414912</value>
					</ControlLinearNode>
					<ControlLinearNode>
						<t>1.385267</t>
						<value>8.901837</value>
					</ControlLinearNode>
					<ControlLinearNode>
						<t>1.388135</t>
						<value>8.472138</value>
					</ControlLinearNode>
					<ControlLinearNode>
						<t>1.391577</t>
						<value>7.991131</value>
					</ControlLinearNode>
					<ControlLinearNode>
						<t>1.395879</t>
						<value>7.452403</value>
					</ControlLinearNode>
					<ControlLinearNode>
						<t>1.399321</t>
						<value>6.952155</value>
					</ControlLinearNode>
					<ControlLinearNode>
						<t>1.402762</t>
						<value>6.528869</value>
					</ControlLinearNode>
					<ControlLinearNode>
						<t>1.407064</t>
						<value>5.977314</value>
					</ControlLinearNode>
					<ControlLinearNode>
						<t>1.412227</t>
						<value>5.387279</value>
					</ControlLinearNode>
					<ControlLinearNode>
						<t>1.417389</t>
						<value>4.874205</value>
					</ControlLinearNode>
					<ControlLinearNode>
						<t>1.422551</t>
						<value>4.412438</value>
					</ControlLinearNode>
					<ControlLinearNode>
						<t>1.429435</t>
						<value>3.927583</value>
					</ControlLinearNode>
					<ControlLinearNode>
						<t>1.436318</t>
						<value>3.565866</value>
					</ControlLinearNode>
					<ControlLinearNode>
						<t>1.502569</t>
						<value>2.206219</value>
					</ControlLinearNode>
					<ControlLinearNode>
						<t>1.512893</t>
						<value>2.05871</value>
					</ControlLinearNode>
					<ControlLinearNode>
						<t>1.523218</t>
						<value>1.930442</value>
					</ControlLinearNode>
					<ControlLinearNode>
						<t>1.533543</t>
						<value>1.853481</value>
					</ControlLinearNode>
					<ControlLinearNode>
						<t>1.543868</t>
						<value>1.770106</value>
					</ControlLinearNode>
					<ControlLinearNode>
						<t>1.554192</t>
						<value>1.693145</value>
					</ControlLinearNode>
					<ControlLinearNode>
						<t>1.564517</t>
						<value>1.603357</value>
					</ControlLinearNode>
					<ControlLinearNode>
						<t>1.574842</t>
						<value>1.552049</value>
					</ControlLinearNode>
					<ControlLinearNode>
						<t>1.585167</t>
						<value>1.468675</value>
					</ControlLinearNode>
					<ControlLinearNode>
						<t>1.595492</t>
						<value>1.410954</value>
					</ControlLinearNode>
					<ControlLinearNode>
						<t>1.605816</t>
						<value>1.314753</value>
					</ControlLinearNode>
					<ControlLinearNode>
						<t>1.616141</t>
						<value>1.237792</value>
					</ControlLinearNode>
					<ControlLinearNode>
						<t>1.626466</t>
						<value>1.148004</value>
					</ControlLinearNode>
					<ControlLinearNode>
						<t>1.636791</t>
						<value>1.026148</value>
					</ControlLinearNode>
					<ControlLinearNode>
						<t>1.647116</t>
						<value>0.929947</value>
					</ControlLinearNode>
					<ControlLinearNode>
						<t>1.65744</t>
						<value>0.814505</value>
					</ControlLinearNode>
					<ControlLinearNode>
						<t>1.667765</t>
						<value>0.718304</value>
					</ControlLinearNode>
					<ControlLinearNode>
						<t>1.67809</t>
						<value>0.609276</value>
					</ControlLinearNode>
					<ControlLinearNode>
						<t>1.688415</t>
						<value>0.506661</value>
					</ControlLinearNode>
					<ControlLinearNode>
						<t>1.69874</t>
						<value>0.436113</value>
					</ControlLinearNode>
					<ControlLinearNode>
						<t>1.709064</t>
						<value>0.371979</value>
					</ControlLinearNode>
					<ControlLinearNode>
						<t>1.719389</t>
						<value>0.339912</value>
					</ControlLinearNode>
					<ControlLinearNode>
						<t>1.727133</t>
						<value>0.333498</value>
					</ControlLinearNode>
					<ControlLinearNode>
						<t>1.885692</t>
						<value>0</value>
					</ControlLinearNode>
				</x_nodes>
				<min_nodes>
					<ControlLinearNode>
						<t>0.654092</t>
						<value>0</value>
					</ControlLinearNode>
					<ControlLinearNode>
						<t>1.164087</t>
						<value>1.00306</value>
					</ControlLinearNode>
					<ControlLinearNode>
						<t>1.172175</t>
						<value>1.382094</value>
					</ControlLinearNode>
					<ControlLinearNode>
						<t>1.178198</t>
						<value>1.79576</value>
					</ControlLinearNode>
					<ControlLinearNode>
						<t>1.18336</t>
						<value>2.257527</value>
					</ControlLinearNode>
					<ControlLinearNode>
						<t>1.188523</t>
						<value>2.796254</value>
					</ControlLinearNode>
					<ControlLinearNode>
						<t>1.193685</t>
						<value>3.38629</value>
					</ControlLinearNode>
					<ControlLinearNode>
						<t>1.197987</t>
						<value>3.950671</value>
					</ControlLinearNode>
					<ControlLinearNode>
						<t>1.201429</t>
						<value>4.450919</value>
					</ControlLinearNode>
					<ControlLinearNode>
						<t>1.20487</t>
						<value>4.931926</value>
					</ControlLinearNode>
					<ControlLinearNode>
						<t>1.208312</t>
						<value>5.432173</value>
					</ControlLinearNode>
					<ControlLinearNode>
						<t>1.211754</t>
						<value>5.951661</value>
					</ControlLinearNode>
					<ControlLinearNode>
						<t>1.215195</t>
						<value>6.509629</value>
					</ControlLinearNode>
					<ControlLinearNode>
						<t>1.218637</t>
						<value>7.009876</value>
					</ControlLinearNode>
					<ControlLinearNode>
						<t>1.222078</t>
						<value>7.471643</value>
					</ControlLinearNode>
					<ControlLinearNode>
						<t>1.22466</t>
						<value>7.97189</value>
					</ControlLinearNode>
					<ControlLinearNode>
						<t>1.228101</t>
						<value>8.491378</value>
					</ControlLinearNode>
					<ControlLinearNode>
						<t>1.230682</t>
						<value>9.030106</value>
					</ControlLinearNode>
					<ControlLinearNode>
						<t>1.234124</t>
						<value>9.549594</value>
					</ControlLinearNode>
					<ControlLinearNode>
						<t>1.237566</t>
						<value>10.030601</value>
					</ControlLinearNode>
					<ControlLinearNode>
						<t>1.241007</t>
						<value>10.511608</value>
					</ControlLinearNode>
					<ControlLinearNode>
						<t>1.244449</t>
						<value>11.011855</value>
					</ControlLinearNode>
					<ControlLinearNode>
						<t>1.248751</t>
						<value>11.569823</value>
					</ControlLinearNode>
					<ControlLinearNode>
						<t>1.253053</t>
						<value>12.089311</value>
					</ControlLinearNode>
					<ControlLinearNode>
						<t>1.256494</t>
						<value>12.531837</value>
					</ControlLinearNode>
					<ControlLinearNode>
						<t>1.260796</t>
						<value>13.044912</value>
					</ControlLinearNode>
					<ControlLinearNode>
						<t>1.265959</t>
						<value>13.545159</value>
					</ControlLinearNode>
					<ControlLinearNode>
						<t>1.271982</t>
						<value>14.0903</value>
					</ControlLinearNode>
					<ControlLinearNode>
						<t>1.278865</t>
						<value>14.571307</value>
					</ControlLinearNode>
					<ControlLinearNode>
						<t>1.287469</t>
						<value>15.033074</value>
					</ControlLinearNode>
					<ControlLinearNode>
						<t>1.297794</t>
						<value>15.379399</value>
					</ControlLinearNode>
					<ControlLinearNode>
						<t>1.308118</t>
						<value>15.488428</value>
					</ControlLinearNode>
					<ControlLinearNode>
						<t>1.318443</t>
						<value>15.379399</value>
					</ControlLinearNode>
					<ControlLinearNode>
						<t>1.327907</t>
						<value>15.063859</value>
					</ControlLinearNode>
					<ControlLinearNode>
						<t>1.336511</t>
						<value>14.62518</value>
					</ControlLinearNode>
					<ControlLinearNode>
						<t>1.343395</t>
						<value>14.109541</value>
					</ControlLinearNode>
					<ControlLinearNode>
						<t>1.348557</t>
						<value>13.686254</value>
					</ControlLinearNode>
					<ControlLinearNode>
						<t>1.353719</t>
						<value>13.160353</value>
					</ControlLinearNode>
					<ControlLinearNode>
						<t>1.358021</t>
						<value>12.666519</value>
					</ControlLinearNode>
					<ControlLinearNode>
						<t>1.361463</t>
						<value>12.262473</value>
					</ControlLinearNode>
					<ControlLinearNode>
						<t>1.364905</t>
						<value>11.800707</value>
					</ControlLinearNode>
					<ControlLinearNode>
						<t>1.368346</t>
						<value>11.33894</value>
					</ControlLinearNode>
					<ControlLinearNode>
						<t>1.371788</t>
						<value>10.896413</value>
					</ControlLinearNode>
					<ControlLinearNode>
						<t>1.375229</t>
						<value>10.434647</value>
					</ControlLinearNode>
					<ControlLinearNode>
						<t>1.378671</t>
						<value>9.915159</value>
					</ControlLinearNode>
					<ControlLinearNode>
						<t>1.382113</t>
						<value>9.414912</value>
					</ControlLinearNode>
					<ControlLinearNode>
						<t>1.385267</t>
						<value>8.901837</value>
					</ControlLinearNode>
					<ControlLinearNode>
						<t>1.388135</t>
						<value>8.472138</value>
					</ControlLinearNode>
					<ControlLinearNode>
						<t>1.391577</t>
						<value>7.991131</value>
					</ControlLinearNode>
					<ControlLinearNode>
						<t>1.395879</t>
						<value>7.452403</value>
					</ControlLinearNode>
					<ControlLinearNode>
						<t>1.399321</t>
						<value>6.952155</value>
					</ControlLinearNode>
					<ControlLinearNode>
						<t>1.402762</t>
						<value>6.528869</value>
					</ControlLinearNode>
					<ControlLinearNode>
						<t>1.407064</t>
						<value>5.977314</value>
					</ControlLinearNode>
					<ControlLinearNode>
						<t>1.412227</t>
						<value>5.387279</value>
					</ControlLinearNode>
					<ControlLinearNode>
						<t>1.417389</t>
						<value>4.874205</value>
					</ControlLinearNode>
					<ControlLinearNode>
						<t>1.422551</t>
						<value>4.412438</value>
					</ControlLinearNode>
					<ControlLinearNode>
						<t>1.429435</t>
						<value>3.927583</value>
					</ControlLinearNode>
					<ControlLinearNode>
						<t>1.436318</t>
						<value>3.565866</value>
					</ControlLinearNode>
					<ControlLinearNode>
						<t>1.502569</t>
						<value>2.206219</value>
					</ControlLinearNode>
					<ControlLinearNode>
						<t>1.512893</t>
						<value>2.05871</value>
					</ControlLinearNode>
					<ControlLinearNode>
						<t>1.523218</t>
						<value>1.930442</value>
					</ControlLinearNode>
					<ControlLinearNode>
						<t>1.533543</t>
						<value>1.853481</value>
					</ControlLinearNode>
					<ControlLinearNode>
						<t>1.543868</t>
						<value>1.770106</value>
					</ControlLinearNode>
					<ControlLinearNode>
						<t>1.554192</t>
						<value>1.693145</value>
					</ControlLinearNode>
					<ControlLinearNode>
						<t>1.564517</t>
						<value>1.603357</value>
					</ControlLinearNode>
					<ControlLinearNode>
						<t>1.574842</t>
						<value>1.552049</value>
					</ControlLinearNode>
					<ControlLinearNode>
						<t>1.585167</t>
						<value>1.468675</value>
					</ControlLinearNode>
					<ControlLinearNode>
						<t>1.595492</t>
						<value>1.410954</value>
					</ControlLinearNode>
					<ControlLinearNode>
						<t>1.605816</t>
						<value>1.314753</value>
					</ControlLinearNode>
					<ControlLinearNode>
						<t>1.616141</t>
						<value>1.237792</value>
					</ControlLinearNode>
					<ControlLinearNode>
						<t>1.626466</t>
						<value>1.148004</value>
					</ControlLinearNode>
					<ControlLinearNode>
						<t>1.636791</t>
						<value>1.026148</value>
					</ControlLinearNode>
					<ControlLinearNode>
						<t>1.647116</t>
						<value>0.929947</value>
					</ControlLinearNode>
					<ControlLinearNode>
						<t>1.65744</t>
						<value>0.814505</value>
					</ControlLinearNode>
					<ControlLinearNode>
						<t>1.667765</t>
						<value>0.718304</value>
					</ControlLinearNode>
					<ControlLinearNode>
						<t>1.67809</t>
						<value>0.609276</value>
					</ControlLinearNode>
					<ControlLinearNode>
						<t>1.688415</t>
						<value>0.506661</value>
					</ControlLinearNode>
					<ControlLinearNode>
						<t>1.69874</t>
						<value>0.436113</value>
					</ControlLinearNode>
					<ControlLinearNode>
						<t>1.709064</t>
						<value>0.371979</value>
					</ControlLinearNode>
					<ControlLinearNode>
						<t>1.719389</t>
						<value>0.339912</value>
					</ControlLinearNode>
					<ControlLinearNode>
						<t>1.727133</t>
						<value>0.333498</value>
					</ControlLinearNode>
				</min_nodes>
				<max_nodes>
					<ControlLinearNode>
						<t>0.654092</t>
						<value>0</value>
					</ControlLinearNode>
					<ControlLinearNode>
						<t>1.164087</t>
						<value>1.00306</value>
					</ControlLinearNode>
					<ControlLinearNode>
						<t>1.172175</t>
						<value>1.382094</value>
					</ControlLinearNode>
					<ControlLinearNode>
						<t>1.178198</t>
						<value>1.79576</value>
					</ControlLinearNode>
					<ControlLinearNode>
						<t>1.18336</t>
						<value>2.257527</value>
					</ControlLinearNode>
					<ControlLinearNode>
						<t>1.188523</t>
						<value>2.796254</value>
					</ControlLinearNode>
					<ControlLinearNode>
						<t>1.193685</t>
						<value>3.38629</value>
					</ControlLinearNode>
					<ControlLinearNode>
						<t>1.197987</t>
						<value>3.950671</value>
					</ControlLinearNode>
					<ControlLinearNode>
						<t>1.201429</t>
						<value>4.450919</value>
					</ControlLinearNode>
					<ControlLinearNode>
						<t>1.20487</t>
						<value>4.931926</value>
					</ControlLinearNode>
					<ControlLinearNode>
						<t>1.208312</t>
						<value>5.432173</value>
					</ControlLinearNode>
					<ControlLinearNode>
						<t>1.211754</t>
						<value>5.951661</value>
					</ControlLinearNode>
					<ControlLinearNode>
						<t>1.215195</t>
						<value>6.509629</value>
					</ControlLinearNode>
					<ControlLinearNode>
						<t>1.218637</t>
						<value>7.009876</value>
					</ControlLinearNode>
					<ControlLinearNode>
						<t>1.222078</t>
						<value>7.471643</value>
					</ControlLinearNode>
					<ControlLinearNode>
						<t>1.22466</t>
						<value>7.97189</value>
					</ControlLinearNode>
					<ControlLinearNode>
						<t>1.228101</t>
						<value>8.491378</value>
					</ControlLinearNode>
					<ControlLinearNode>
						<t>1.230682</t>
						<value>9.030106</value>
					</ControlLinearNode>
					<ControlLinearNode>
						<t>1.234124</t>
						<value>9.549594</value>
					</ControlLinearNode>
					<ControlLinearNode>
						<t>1.237566</t>
						<value>10.030601</value>
					</ControlLinearNode>
					<ControlLinearNode>
						<t>1.241007</t>
						<value>10.511608</value>
					</ControlLinearNode>
					<ControlLinearNode>
						<t>1.244449</t>
						<value>11.011855</value>
					</ControlLinearNode>
					<ControlLinearNode>
						<t>1.248751</t>
						<value>11.569823</value>
					</ControlLinearNode>
					<ControlLinearNode>
						<t>1.253053</t>
						<value>12.089311</value>
					</ControlLinearNode>
					<ControlLinearNode>
						<t>1.256494</t>
						<value>12.531837</value>
					</ControlLinearNode>
					<ControlLinearNode>
						<t>1.260796</t>
						<value>13.044912</value>
					</ControlLinearNode>
					<ControlLinearNode>
						<t>1.265959</t>
						<value>13.545159</value>
					</ControlLinearNode>
					<ControlLinearNode>
						<t>1.271982</t>
						<value>14.0903</value>
					</ControlLinearNode>
					<ControlLinearNode>
						<t>1.278865</t>
						<value>14.571307</value>
					</ControlLinearNode>
					<ControlLinearNode>
						<t>1.287469</t>
						<value>15.033074</value>
					</ControlLinearNode>
					<ControlLinearNode>
						<t>1.297794</t>
						<value>15.379399</value>
					</ControlLinearNode>
					<ControlLinearNode>
						<t>1.308118</t>
						<value>15.488428</value>
					</ControlLinearNode>
					<ControlLinearNode>
						<t>1.318443</t>
						<value>15.379399</value>
					</ControlLinearNode>
					<ControlLinearNode>
						<t>1.327907</t>
						<value>15.063859</value>
					</ControlLinearNode>
					<ControlLinearNode>
						<t>1.336511</t>
						<value>14.62518</value>
					</ControlLinearNode>
					<ControlLinearNode>
						<t>1.343395</t>
						<value>14.109541</value>
					</ControlLinearNode>
					<ControlLinearNode>
						<t>1.348557</t>
						<value>13.686254</value>
					</ControlLinearNode>
					<ControlLinearNode>
						<t>1.353719</t>
						<value>13.160353</value>
					</ControlLinearNode>
					<ControlLinearNode>
						<t>1.358021</t>
						<value>12.666519</value>
					</ControlLinearNode>
					<ControlLinearNode>
						<t>1.361463</t>
						<value>12.262473</value>
					</ControlLinearNode>
					<ControlLinearNode>
						<t>1.364905</t>
						<value>11.800707</value>
					</ControlLinearNode>
					<ControlLinearNode>
						<t>1.368346</t>
						<value>11.33894</value>
					</ControlLinearNode>
					<ControlLinearNode>
						<t>1.371788</t>
						<value>10.896413</value>
					</ControlLinearNode>
					<ControlLinearNode>
						<t>1.375229</t>
						<value>10.434647</value>
					</ControlLinearNode>
					<ControlLinearNode>
						<t>1.378671</t>
						<value>9.915159</value>
					</ControlLinearNode>
					<ControlLinearNode>
						<t>1.382113</t>
						<value>9.414912</value>
					</ControlLinearNode>
					<ControlLinearNode>
						<t>1.385267</t>
						<value>8.901837</value>
					</ControlLinearNode>
					<ControlLinearNode>
						<t>1.388135</t>
						<value>8.472138</value>
					</ControlLinearNode>
					<ControlLinearNode>
						<t>1.391577</t>
						<value>7.991131</value>
					</ControlLinearNode>
					<ControlLinearNode>
						<t>1.395879</t>
						<value>7.452403</value>
					</ControlLinearNode>
					<ControlLinearNode>
						<t>1.399321</t>
						<value>6.952155</value>
					</ControlLinearNode>
					<ControlLinearNode>
						<t>1.402762</t>
						<value>6.528869</value>
					</ControlLinearNode>
					<ControlLinearNode>
						<t>1.407064</t>
						<value>5.977314</value>
					</ControlLinearNode>
					<ControlLinearNode>
						<t>1.412227</t>
						<value>5.387279</value>
					</ControlLinearNode>
					<ControlLinearNode>
						<t>1.417389</t>
						<value>4.874205</value>
					</ControlLinearNode>
					<ControlLinearNode>
						<t>1.422551</t>
						<value>4.412438</value>
					</ControlLinearNode>
					<ControlLinearNode>
						<t>1.429435</t>
						<value>3.927583</value>
					</ControlLinearNode>
					<ControlLinearNode>
						<t>1.436318</t>
						<value>3.565866</value>
					</ControlLinearNode>
					<ControlLinearNode>
						<t>1.502569</t>
						<value>2.206219</value>
					</ControlLinearNode>
					<ControlLinearNode>
						<t>1.512893</t>
						<value>2.05871</value>
					</ControlLinearNode>
					<ControlLinearNode>
						<t>1.523218</t>
						<value>1.930442</value>
					</ControlLinearNode>
					<ControlLinearNode>
						<t>1.533543</t>
						<value>1.853481</value>
					</ControlLinearNode>
					<ControlLinearNode>
						<t>1.543868</t>
						<value>1.770106</value>
					</ControlLinearNode>
					<ControlLinearNode>
						<t>1.554192</t>
						<value>1.693145</value>
					</ControlLinearNode>
					<ControlLinearNode>
						<t>1.564517</t>
						<value>1.603357</value>
					</ControlLinearNode>
					<ControlLinearNode>
						<t>1.574842</t>
						<value>1.552049</value>
					</ControlLinearNode>
					<ControlLinearNode>
						<t>1.585167</t>
						<value>1.468675</value>
					</ControlLinearNode>
					<ControlLinearNode>
						<t>1.595492</t>
						<value>1.410954</value>
					</ControlLinearNode>
					<ControlLinearNode>
						<t>1.605816</t>
						<value>1.314753</value>
					</ControlLinearNode>
					<ControlLinearNode>
						<t>1.616141</t>
						<value>1.237792</value>
					</ControlLinearNode>
					<ControlLinearNode>
						<t>1.626466</t>
						<value>1.148004</value>
					</ControlLinearNode>
					<ControlLinearNode>
						<t>1.636791</t>
						<value>1.026148</value>
					</ControlLinearNode>
					<ControlLinearNode>
						<t>1.647116</t>
						<value>0.929947</value>
					</ControlLinearNode>
					<ControlLinearNode>
						<t>1.65744</t>
						<value>0.814505</value>
					</ControlLinearNode>
					<ControlLinearNode>
						<t>1.667765</t>
						<value>0.718304</value>
					</ControlLinearNode>
					<ControlLinearNode>
						<t>1.67809</t>
						<value>0.609276</value>
					</ControlLinearNode>
					<ControlLinearNode>
						<t>1.688415</t>
						<value>0.506661</value>
					</ControlLinearNode>
					<ControlLinearNode>
						<t>1.69874</t>
						<value>0.436113</value>
					</ControlLinearNode>
					<ControlLinearNode>
						<t>1.709064</t>
						<value>0.371979</value>
					</ControlLinearNode>
					<ControlLinearNode>
						<t>1.719389</t>
						<value>0.339912</value>
					</ControlLinearNode>
					<ControlLinearNode>
						<t>1.727133</t>
						<value>0.333498</value>
					</ControlLinearNode>
				</max_nodes>
				<kp>100</kp>
				<kv>20</kv>
			</ControlLinear>
		</objects>
		<groups />
	</ControlSet>
</OpenSimDocument>
