<?xml version="1.0" encoding="UTF-8"?>
<OpenSimDocument Version="20302">
	<ExternalLoads name="Ex2">
		<objects>
			<ExternalForce name="ExternalForce_1">
				<isDisabled> false </isDisabled>
				<!--Name of the body the force is applied to.-->
				<applied_to_body> calcn_r </applied_to_body>
				<!--Name of the body the force is expressed in (default is ground).-->
				<force_expressed_in_body> ground </force_expressed_in_body>
				<!--Name of the body the point is expressed in (default is ground).-->
				<point_expressed_in_body> ground </point_expressed_in_body>
				<!--Identifier (string) to locate the force to be applied in the data
				    source.-->
				<force_identifier> ground_force_v </force_identifier>
				<!--Identifier (string) to locate the point to be applied in the data
				    source.-->
				<point_identifier> ground_force_p </point_identifier>
				<!--Identifier (string) to locate the torque to be applied in the data
				    source.-->
				<torque_identifier> ground_torque_ </torque_identifier>
				<!--Name of the data source (Storage) that will supply the force data.-->
				<data_source_name> Unassigned </data_source_name>
			</ExternalForce>
			<ExternalForce name="ExternalForce_2">
				<isDisabled> false </isDisabled>
				<!--Name of the body the force is applied to.-->
				<applied_to_body> calcn_l </applied_to_body>
				<!--Name of the body the force is expressed in (default is ground).-->
				<force_expressed_in_body> ground </force_expressed_in_body>
				<!--Name of the body the point is expressed in (default is ground).-->
				<point_expressed_in_body> ground </point_expressed_in_body>
				<!--Identifier (string) to locate the force to be applied in the data
				    source.-->
				<force_identifier> 1_ground_force_v </force_identifier>
				<!--Identifier (string) to locate the point to be applied in the data
				    source.-->
				<point_identifier> 1_ground_force_p </point_identifier>
				<!--Identifier (string) to locate the torque to be applied in the data
				    source.-->
				<torque_identifier> 1_ground_torque_ </torque_identifier>
				<!--Name of the data source (Storage) that will supply the force data.-->
				<data_source_name> Unassigned </data_source_name>
			</ExternalForce>
					</objects>
					<groups/>
		<!--Storage file (.sto) containing (3) components of force and/or torque
		    and point of application.Note: this file overrides the data source
		    specified by the individual external forces if specified.-->
		<datafile> subject01_walk1_grf.mot </datafile>
	  <defaults>
			<ControlLinear name="default">
				<is_model_control> true </is_model_control>
				<extrapolate> true </extrapolate>
				<default_min>      -1.00000000000000000000 </default_min>
				<default_max>       1.00000000000000000000 </default_max>
				<filter_on> false </filter_on>
				<use_steps> false </use_steps>
				<x_nodes/>
				<min_nodes/>
				<max_nodes/>
				<kp>     100.00000000000000000000 </kp>
				<kv>      20.00000000000000000000 </kv>
			</ControlLinear>
			<CoordinateActuator name="default">
				<isDisabled> false </isDisabled>
				<!--Minimum allowed value for control signal. Used primarily when solving
				    for control values-->
				<min_control> -infinity </min_control>
				<!--Maximum allowed value for control signal. Used primarily when solving
				    for control values-->
				<max_control> infinity </max_control>
				<coordinate>  </coordinate>
				<optimal_force>     300.00000000000000000000 </optimal_force>
			</CoordinateActuator>
			<PointActuator name="default">
				<isDisabled> false </isDisabled>
				<!--Minimum allowed value for control signal. Used primarily when solving
				    for control values-->
				<min_control> -infinity </min_control>
				<!--Maximum allowed value for control signal. Used primarily when solving
				    for control values-->
				<max_control> infinity </max_control>
				<body>  </body>
				<point>       0.00000000000000000000       0.00000000000000000000       0.00000000000000000000 </point>
				<point_is_global> false </point_is_global>
				<direction>      -1.00000000000000000000      -0.00000000000000000000      -0.00000000000000000000 </direction>
				<force_is_global> true </force_is_global>
				<optimal_force>    1000.00000000000000000000 </optimal_force>
			</PointActuator>
			<TorqueActuator name="default">
				<isDisabled> false </isDisabled>
				<!--Minimum allowed value for control signal. Used primarily when solving
				    for control values-->
				<min_control> -infinity </min_control>
				<!--Maximum allowed value for control signal. Used primarily when solving
				    for control values-->
				<max_control> infinity </max_control>
				<bodyA>  </bodyA>
				<bodyB>  </bodyB>
				<torque_is_global> true </torque_is_global>
				<axis>      -1.00000000000000000000      -0.00000000000000000000      -0.00000000000000000000 </axis>
				<optimal_force>     300.00000000000000000000 </optimal_force>
			</TorqueActuator>
			<Thelen2003Muscle name="default">
				<isDisabled> false </isDisabled>
				<!--Minimum allowed value for control signal. Used primarily when solving
				    for control values-->
				<min_control>       0.01000000000000000000 </min_control>
				<!--Maximum allowed value for control signal. Used primarily when solving
				    for control values-->
				<max_control>       1.00000000000000000000 </max_control>
				<GeometryPath name="">
					<PathPointSet name="">
						<objects/>
						<groups/>
					</PathPointSet>
					<VisibleObject name="">
						<!--Set of geometry files and associated attributes, allow .vtp, .stl,
						    .obj-->
						<GeometrySet name="">
							<objects/>
							<groups/>
						</GeometrySet>
						<!--Three scale factors for display purposes: scaleX scaleY scaleZ-->
						<scale_factors>       1.00000000000000000000       1.00000000000000000000       1.00000000000000000000 </scale_factors>
						<!--transform relative to owner specified as 3 rotations (rad) followed by
						    3 translations rX rY rZ tx ty tz-->
						<transform>      -0.00000000000000000000       0.00000000000000000000      -0.00000000000000000000       0.00000000000000000000       0.00000000000000000000       0.00000000000000000000 </transform>
						<!--Whether to show a coordinate frame-->
						<show_axes> false </show_axes>
						<!--Display Pref. 0:Hide 1:Wire 3:Flat 4:Shaded Can be overriden for
						    individual geometries-->
						<display_preference> 4 </display_preference>
					</VisibleObject>
					<PathWrapSet name="">
						<objects/>
						<groups/>
					</PathWrapSet>
				</GeometryPath>
				<optimal_force>       1.00000000000000000000 </optimal_force>
				<!--Maximum isometric force that the fibers can generate-->
				<max_isometric_force>     546.00000000000000000000 </max_isometric_force>
				<!--Optimal length of the muscle fibers-->
				<optimal_fiber_length>       0.05349999999999999900 </optimal_fiber_length>
				<!--Resting length of the tendon-->
				<tendon_slack_length>       0.07800000000000000000 </tendon_slack_length>
				<!--Angle between tendon and fibers at optimal fiber length-->
				<pennation_angle_at_optimal>       0.00000000000000000000 </pennation_angle_at_optimal>
				<!--Maximum contraction velocity of the fibers, in optimal fiberlengths
				    per second-->
				<max_contraction_velocity>      10.00000000000000000000 </max_contraction_velocity>
				<!--time constant for ramping up of muscle activation-->
				<activation_time_constant>       0.01000000000000000000 </activation_time_constant>
				<!--time constant for ramping down of muscle activation-->
				<deactivation_time_constant>       0.04000000000000000100 </deactivation_time_constant>
				<!--maximum contraction velocity at full activation in fiber lengths per
				    second-->
				<Vmax>      10.00000000000000000000 </Vmax>
				<!--maximum contraction velocity at low activation in fiber lengths per
				    second-->
				<Vmax0>       5.00000000000000000000 </Vmax0>
				<!--tendon strain due to maximum isometric muscle force-->
				<FmaxTendonStrain>       0.03300000000000000200 </FmaxTendonStrain>
				<!--passive muscle strain due to maximum isometric muscle force-->
				<FmaxMuscleStrain>       0.59999999999999998000 </FmaxMuscleStrain>
				<!--shape factor for Gaussian active muscle force-length relationship-->
				<KshapeActive>       0.50000000000000000000 </KshapeActive>
				<!--exponential shape factor for passive force-length relationship-->
				<KshapePassive>       4.00000000000000000000 </KshapePassive>
				<!--passive damping in the force-velocity relationship-->
				<damping>       0.05000000000000000300 </damping>
				<!--force-velocity shape factor-->
				<Af>       0.29999999999999999000 </Af>
				<!--maximum normalized lengthening force-->
				<Flen>       1.80000000000000000000 </Flen>
			</Thelen2003Muscle>
			<Schutte1993Muscle name="default">
				<isDisabled> false </isDisabled>
				<!--Minimum allowed value for control signal. Used primarily when solving
				    for control values-->
				<min_control>       0.01000000000000000000 </min_control>
				<!--Maximum allowed value for control signal. Used primarily when solving
				    for control values-->
				<max_control>       1.00000000000000000000 </max_control>
				<GeometryPath name="">
					<PathPointSet name="">
						<objects/>
						<groups/>
					</PathPointSet>
					<VisibleObject name="">
						<!--Set of geometry files and associated attributes, allow .vtp, .stl,
						    .obj-->
						<GeometrySet name="">
							<objects/>
							<groups/>
						</GeometrySet>
						<!--Three scale factors for display purposes: scaleX scaleY scaleZ-->
						<scale_factors>       1.00000000000000000000       1.00000000000000000000       1.00000000000000000000 </scale_factors>
						<!--transform relative to owner specified as 3 rotations (rad) followed by
						    3 translations rX rY rZ tx ty tz-->
						<transform>      -0.00000000000000000000       0.00000000000000000000      -0.00000000000000000000       0.00000000000000000000       0.00000000000000000000       0.00000000000000000000 </transform>
						<!--Whether to show a coordinate frame-->
						<show_axes> false </show_axes>
						<!--Display Pref. 0:Hide 1:Wire 3:Flat 4:Shaded Can be overriden for
						    individual geometries-->
						<display_preference> 4 </display_preference>
					</VisibleObject>
					<PathWrapSet name="">
						<objects/>
						<groups/>
					</PathWrapSet>
				</GeometryPath>
				<optimal_force>       1.00000000000000000000 </optimal_force>
				<!--Maximum isometric force that the fibers can generate-->
				<max_isometric_force>     546.00000000000000000000 </max_isometric_force>
				<!--Optimal length of the muscle fibers-->
				<optimal_fiber_length>       0.05349999999999999900 </optimal_fiber_length>
				<!--Resting length of the tendon-->
				<tendon_slack_length>       0.07800000000000000000 </tendon_slack_length>
				<!--Angle between tendon and fibers at optimal fiber length-->
				<pennation_angle_at_optimal>       0.00000000000000000000 </pennation_angle_at_optimal>
				<!--Maximum contraction velocity of the fibers, in optimal fiberlengths
				    per second-->
				<max_contraction_velocity>      10.00000000000000000000 </max_contraction_velocity>
				<!--Scale factor for normalizing time-->
				<time_scale>       0.10000000000000001000 </time_scale>
				<!--Parameter used in time constant of ramping up of muscle force-->
				<activation1>       0.00000000000000000000 </activation1>
				<!--Parameter used in time constant of ramping up and ramping down of
				    muscle force-->
				<activation2>       0.00000000000000000000 </activation2>
				<!--Damping factor related to maximum contraction velocity-->
				<damping>       0.05000000000000000300 </damping>
				<!--Function representing force-length behavior of tendon-->
				<tendon_force_length_curve>
					<NaturalCubicSpline name="">
						<x>     -10.00000000000000000000      -0.00200000000000000000      -0.00100000000000000000       0.00000000000000000000       0.00131000000000000000       0.00281000000000000000       0.00430999999999999960       0.00581000000000000010       0.00730999999999999970       0.00881000000000000010       0.01030000000000000000       0.01180000000000000000       0.01230000000000000000       9.19999999999999930000       9.20100000000000050000       9.20200000000000000000      20.00000000000000000000 </x>
						<y>       0.00000000000000000000       0.00000000000000000000       0.00000000000000000000       0.00000000000000000000       0.01080000000000000100       0.02570000000000000100       0.04349999999999999700       0.06519999999999999400       0.09149999999999999800       0.12300000000000000000       0.16100000000000000000       0.20799999999999999000       0.22700000000000001000     345.00000000000000000000     345.00000000000000000000     345.00000000000000000000     345.00000000000000000000 </y>
					</NaturalCubicSpline>
				</tendon_force_length_curve>
				<!--Function representing active force-length behavior of muscle fibers-->
				<active_force_length_curve>
					<NaturalCubicSpline name="">
						<x>      -5.30769200000000030000      -4.30769200000000030000      -1.92307699999999990000      -0.88461500000000004000      -0.26923100000000000000       0.23076900000000000000       0.46153800000000000000       0.52725000000000000000       0.62875000000000003000       0.71875000000000000000       0.86124999999999996000       1.04499999999999990000       1.21750000000000000000       1.43875000000000000000       1.50000000000000000000       1.61538500000000010000       2.00000000000000000000       2.96153800000000000000       3.69230800000000010000       5.46153800000000000000       9.90190199999999980000 </x>
						<y>       0.01218799999999999900       0.02189899999999999800       0.03646599999999999800       0.05249299999999999800       0.07531200000000000400       0.11415800000000000000       0.15785900000000000000       0.22666700000000001000       0.63666699999999998000       0.85666699999999996000       0.94999999999999996000       0.99333300000000002000       0.77000000000000002000       0.24666700000000000000       0.19382099999999999000       0.13325200000000001000       0.07268299999999999800       0.04441699999999999800       0.03634099999999999800       0.02189899999999999800       0.00733200000000000000 </y>
					</NaturalCubicSpline>
				</active_force_length_curve>
				<!--Function representing passive force-length behavior of muscle fibers-->
				<passive_force_length_curve>
					<NaturalCubicSpline name="">
						<x>      -5.00000000000000000000       0.99800000000000000000       0.99900000000000000000       1.00000000000000000000       1.10000000000000010000       1.20000000000000000000       1.30000000000000000000       1.39999999999999990000       1.50000000000000000000       1.60000000000000010000       1.60100000000000000000       1.60200000000000010000       5.00000000000000000000 </x>
						<y>       0.00000000000000000000       0.00000000000000000000       0.00000000000000000000       0.00000000000000000000       0.03500000000000000300       0.12000000000000000000       0.26000000000000001000       0.55000000000000004000       1.16999999999999990000       2.00000000000000000000       2.00000000000000000000       2.00000000000000000000       2.00000000000000000000 </y>
					</NaturalCubicSpline>
				</passive_force_length_curve>
			</Schutte1993Muscle>
			<CMC_Joint name="default">
				<!--Flag (true or false) indicating whether or not a task is enabled.-->
				<on> false </on>
				<!--Weight with which a task is tracked relative to other tasks. To track
				    a task more tightly, make the weight larger.-->
				<weight>       1.00000000000000000000       1.00000000000000000000       1.00000000000000000000 </weight>
				<!--Name of body frame with respect to which a tracking objective is
				    specified. The special name 'center_of_mass' refers to the system
				    center of mass. This property is not used for tracking joint angles.-->
				<wrt_body> -1 </wrt_body>
				<!--Name of body frame in which the tracking objectives are expressed.
				    This property is not used for tracking joint angles.-->
				<express_body> -1 </express_body>
				<!--Array of 3 flags (each true or false) specifying whether a component
				    of a task is active.  For example, tracking the trajectory of a point
				    in space could have three components (x,y,z).  This allows each of
				    those to be made active (true) or inactive (false).  A task for
				    tracking a joint coordinate only has one component.-->
				<active> false false false </active>
				<!--Position error feedback gain (stiffness). To achieve critical damping
				    of errors, choose kv = 2*sqrt(kp).-->
				<kp>       1.00000000000000000000       1.00000000000000000000       1.00000000000000000000 </kp>
				<!--Velocity error feedback gain (damping). To achieve critical damping of
				    errors, choose kv = 2*sqrt(kp).-->
				<kv>       1.00000000000000000000       1.00000000000000000000       1.00000000000000000000 </kv>
				<!--Feedforward acceleration gain.  This is normally set to 1.0, so no
				    gain.-->
				<ka>       1.00000000000000000000       1.00000000000000000000       1.00000000000000000000 </ka>
				<!--Direction vector[3] for component 0 of a task. Joint tasks do not use
				    this propery.-->
				<r0>       0.00000000000000000000       0.00000000000000000000       0.00000000000000000000 </r0>
				<!--Direction vector[3] for component 1 of a task. Joint tasks do not use
				    this property.-->
				<r1>       0.00000000000000000000       0.00000000000000000000       0.00000000000000000000 </r1>
				<!--Direction vector[3] for component 2 of a task. Joint tasks do not use
				    this property.-->
				<r2>       0.00000000000000000000       0.00000000000000000000       0.00000000000000000000 </r2>
				<!--Name of the coordinate to be tracked.-->
				<coordinate>  </coordinate>
				<!--Error limit on the tracking accuracy for this coordinate. If the
				    tracking errors approach this limit, the weighting for this coordinate
				    is increased.-->
				<limit>       0.00000000000000000000 </limit>
			</CMC_Joint>
		</defaults>
	</ExternalLoads>
</OpenSimDocument>
