<?xml version="1.0" encoding="UTF-8"?>
<OpenSimDocument Version="20302">
	<AnalyzeTool name="subject01_walk1">
	<!--Name of the .osim file used to construct a model.-->
	<model_file> subject01_simbody_adjusted.osim </model_file>
		<!--Replace the model's force set with sets specified in
		    <force_set_files>? If false, the force set is appended to.-->
		<replace_force_set> false </replace_force_set>
		<!--List of xml files used to construct an force set for the model.-->
		<force_set_files> gait2392_CMC_Actuators.xml </force_set_files>
	<!--Directory used for writing results.-->
	<results_directory> ./ResultsAnalyze </results_directory>
		<!--Output precision.  It is 20 by default.-->
	<output_precision> 8 </output_precision>
	<!--Initial time for the simulation.-->
		<initial_time>       0.80000000 </initial_time>
	<!--Final time for the simulation.-->
		<final_time>       1.18000000 </final_time>
		<!--Flag indicating whether or not to compute equilibrium values for
		    states other than the coordinates or speeds.  For example, equilibrium
		    muscle fiber lengths or muscle forces.-->
		<solve_for_equilibrium_for_auxiliary_states> false </solve_for_equilibrium_for_auxiliary_states>
		<!--Maximum number of integrator steps.-->
		<maximum_number_of_integrator_steps> 20000 </maximum_number_of_integrator_steps>
		<!--Maximum integration step size.-->
		<maximum_integrator_step_size>       1.00000000 </maximum_integrator_step_size>
		<!--Minimum integration step size.-->
		<minimum_integrator_step_size>       0.00000001 </minimum_integrator_step_size>
		<!--Integrator error tolerance. When the error is greater, the integrator
		    step size is decreased.-->
		<integrator_error_tolerance>       0.00001000 </integrator_error_tolerance>
	<!--Set of analyses to be run during the investigation.-->
	<AnalysisSet name="Analyses">
		<objects>
			<Kinematics name="Kinematics">
				<!--Flag (true or false) specifying whether whether on. True by default.-->
				<on> true </on>
					<!--Start time.-->
					<start_time> -infinity </start_time>
					<!--End time.-->
					<end_time> infinity </end_time>
				<!--Specifies how often to store results during a simulation. More
				    specifically, the interval (a positive integer) specifies how many
				    successful integration steps should be taken before results are
				    recorded again.-->
				<step_interval> 10 </step_interval>
				<!--Flag (true or false) indicating whether the results are in degrees or
				    not.-->
				<in_degrees> true </in_degrees>
					<!--Names of generalized coordinates to record kinematics for.  Use 'all'
					    to record all coordinates.-->
					<coordinates> all </coordinates>
			</Kinematics>
			<Actuation name="Actuation">
				<!--Flag (true or false) specifying whether whether on. True by default.-->
				<on> true </on>
					<!--Start time.-->
					<start_time> -infinity </start_time>
					<!--End time.-->
					<end_time> infinity </end_time>
				<!--Specifies how often to store results during a simulation. More
				    specifically, the interval (a positive integer) specifies how many
				    successful integration steps should be taken before results are
				    recorded again.-->
				<step_interval> 10 </step_interval>
				<!--Flag (true or false) indicating whether the results are in degrees or
				    not.-->
				<in_degrees> true </in_degrees>
			</Actuation>
			<BodyKinematics name="BodyKinematics">
				<!--Flag (true or false) specifying whether whether on. True by default.-->
				<on> true </on>
					<!--Start time.-->
					<start_time> -infinity </start_time>
					<!--End time.-->
					<end_time> infinity </end_time>
				<!--Specifies how often to store results during a simulation. More
				    specifically, the interval (a positive integer) specifies how many
				    successful integration steps should be taken before results are
				    recorded again.-->
				<step_interval> 10 </step_interval>
				<!--Flag (true or false) indicating whether the results are in degrees or
				    not.-->
				<in_degrees> true </in_degrees>
					<!--Names of bodies to record kinematics for.  Use 'all' to record all
					    bodies.  The special name 'center_of_mass' refers to the combined
					    center of mass.-->
					<bodies> all </bodies>
					<!--Flag (true or false) indicating whether to express results in the
					    global frame or local-frames of the bodies. Body positions and center
					    of mass results are always given in the global frame. This flag is set
					    to false by default.-->
					<express_results_in_body_local_frame> false </express_results_in_body_local_frame>
			</BodyKinematics>
			<MuscleAnalysis name="MuscleAnalysis">
					<!--Flag (true or false) specifying whether whether on. True by default.-->
				<on> true </on>
					<!--Start time.-->
					<start_time> -infinity </start_time>
					<!--End time.-->
					<end_time> infinity </end_time>
					<!--Specifies how often to store results during a simulation. More
					    specifically, the interval (a positive integer) specifies how many
					    successful integration steps should be taken before results are
					    recorded again.-->
				<step_interval> 1 </step_interval>
					<!--Flag (true or false) indicating whether the results are in degrees or
					    not.-->
				<in_degrees> true </in_degrees>
					<!--List of muscles for which to perform the analysis. Use 'all' to
					    perform the analysis for all muscles.-->
				<muscle_list> all </muscle_list>
					<!--List of generalized coordinates for which to compute moment arms. Use
					    'all' to compute for all coordinates.-->
				<moment_arm_coordinate_list> knee_angle_r </moment_arm_coordinate_list>
					<!--Flag indicating whether moments should be computed.-->
					<compute_moments> false </compute_moments>
			</MuscleAnalysis>
		</objects>
			<groups/>
	</AnalysisSet>
		<!--Controller objects in the model.-->
		<ControllerSet name="Controllers">
			<objects>
				<ControlSetController name="">
					<!--A list of actuators that this controller will control.The keyword ALL
					    indicates the controller will controll all the acuators in the model-->
					<actuator_list> </actuator_list>
					<!--Flag (true or false) indicating whether or not the controller is
					    enabled (ON) should-->
					<enable_controller> false </enable_controller>
					<!--XML file containing the controls for the controlSet.-->
	<controls_file> ResultsCMC/subject01_walk1_controls.xml </controls_file>
				</ControlSetController>
			</objects>
			<groups/>
		</ControllerSet>
		<!--XML file (.xml) containing the external loads applied to the model as
		    a set of PrescribedForce(s).-->
		<external_loads_file> subject01_walk1_grf.xml </external_loads_file>
		<!--Storage file (.sto) containing the time history of states for the
		    model. This file often contains multiple rows of data, each row being
		    a time-stamped array of states. The first column contains the time.
		    The rest of the columns contain the states in the order appropriate
		    for the model. In a storage file, unlike a motion file (.mot),
		    non-uniform time spacing is allowed.  If the user-specified initial
		    time for a simulation does not correspond exactly to one of the time
		    stamps in this file, inerpolation is NOT used because it is sometimes
		    necessary to an exact set of states for analyses.  Instead, the
		    closest earlier set of states is used.-->
	<states_file> ResultsCMC/subject01_walk1_states.sto </states_file>
		<!--Motion file (.mot) or storage file (.sto) containing the time history
		    of the generalized coordinates for the model. These can be specified
		    in place of the states file.-->
		<coordinates_file>  </coordinates_file>
		<!--Storage file (.sto) containing the time history of the generalized
		    speeds for the model. If coordinates_file is used in place of
		    states_file, these can be optionally set as well to give the speeds.
		    If not specified, speeds will be computed from coordinates by
		    differentiation.-->
		<speeds_file>  </speeds_file>
		<!--Low-pass cut-off frequency for filtering the coordinates_file data
		    (currently does not apply to states_file or speeds_file). A negative
		    value results in no filtering. The default value is -1.0, so no
		    filtering.-->
		<lowpass_cutoff_frequency_for_coordinates>      -1.00000000 </lowpass_cutoff_frequency_for_coordinates>
	</AnalyzeTool>
</OpenSimDocument>

