<?xml version="1.0" encoding="UTF-8"?>
<OpenSimDocument Version="20302">
	<CMC_TaskSet name="arm26">
	<objects>
		<CMC_Joint name="r_shoulder_elev">
				<!--Flag (true or false) indicating whether or not a task is on.-->
				<on> true </on>
				<!--Weight with which a task is tracked relative to other tasks. To track
				    a task more tightly, make the weight larger.-->
				<weight>       1.00000000    </weight>
				<!--Array of 3 flags (each true or false) specifying whether a component
				    of a task is active.  For example, tracking the trajectory of a point
				    in space could have three components (x,y,z).  This allows each of
				    those to be made active (true) or inactive (false).  A task for
				    tracking a joint coordinate only has one component.-->
			  <active> true false false </active>
				<!--Position error feedback gain (stiffness). To achieve critical damping
				    of errors, choose kv = 2*sqrt(kp).-->
				<kp>     100.00000000    </kp>
				<!--Velocity error feedback gain (damping). To achieve critical damping of
				    errors, choose kv = 2*sqrt(kp).-->
				<kv>      20.00000000      </kv>
				<!--Feedforward acceleration gain.  This is normally set to 1.0, so no
				    gain.-->
				<ka>       1.00000000    </ka>
				<!--Name of the coordinate to be tracked.-->
			  <coordinate> r_shoulder_elev </coordinate>
				<!--Error limit on the tracking accuracy for this coordinate. If the
				    tracking errors approach this limit, the weighting for this coordinate
				    is increased.-->
				<limit>       0.00000000 </limit>
		</CMC_Joint>
	    <CMC_Joint name="r_elbow_flex">
				<!--Flag (true or false) indicating whether or not a task is on.-->
				<on> true </on>
				<!--Weight with which a task is tracked relative to other tasks. To track
				    a task more tightly, make the weight larger.-->
				<weight>       1.00000000       </weight>
				<!--Array of 3 flags (each true or false) specifying whether a component
				    of a task is active.  For example, tracking the trajectory of a point
				    in space could have three components (x,y,z).  This allows each of
				    those to be made active (true) or inactive (false).  A task for
				    tracking a joint coordinate only has one component.-->
	      <active> true false false </active>
				<!--Position error feedback gain (stiffness). To achieve critical damping
				    of errors, choose kv = 2*sqrt(kp).-->
				<kp>     100.00000000      </kp>
				<!--Velocity error feedback gain (damping). To achieve critical damping of
				    errors, choose kv = 2*sqrt(kp).-->
				<kv>      20.00000000      </kv>
				<!--Feedforward acceleration gain.  This is normally set to 1.0, so no
				    gain.-->
				<ka>       1.00000000     </ka>
				<!--Name of the coordinate to be tracked.-->
	      <coordinate> r_elbow_flex </coordinate>
				<!--Error limit on the tracking accuracy for this coordinate. If the
				    tracking errors approach this limit, the weighting for this coordinate
				    is increased.-->
				<limit>       0.00000000 </limit>
	    </CMC_Joint>
    </objects>
		<groups/>
	</CMC_TaskSet>
</OpenSimDocument>

