<?xml version="1.0" encoding="UTF-8"?>
<OpenSimDocument Version="20302">
  <ScaleTool name="subject01">
	<!--Mass of the subject in kg.  Subject-specific model generated by
	    scaling step will have this total mass.-->
		<mass>      72.60000000 </mass>
	<!--Height of the subject in mm.  For informational purposes only (not
	    used by scaling).-->
		<height>    1803.40000000 </height>
	<!--Age of the subject in years.  For informational purposes only (not
	    used by scaling).-->
		<age>      99.00000000 </age>
	<!--Notes for the subject.-->
	<notes> This is an example setup file for scale.exe. </notes>
	<!--Specifies the name of the unscaled model (.osim) and the marker set.-->
	<GenericModelMaker name="">
		<!--Model file (.osim) for the unscaled model.-->
		<model_file> gait2354_simbody.osim </model_file>
		<!--Set of model markers used to scale the model. Scaling is done based on
		    distances between model markers compared to the same distances between
		    the corresponding experimental markers.-->
		<marker_set_file> gait2354_Scale_MarkerSet.xml </marker_set_file>
	</GenericModelMaker>
	<!--Specifies parameters for scaling the model.-->
	<ModelScaler name="">
			<!--Whether or not to use the model scaler during scale-->
			<apply> true </apply>
		<!--Specifies the scaling method and order. Valid options are
		    'measurements', 'manualScale', singly or both in any sequence.-->
		<scaling_order> measurements manualScale </scaling_order>
			<!--Specifies the measurements by which body segments are to be scaled.-->
			<MeasurementSet name="gait2354">
				<objects>
					<Measurement name="torso">
						<!--Flag to turn on and off scaling for this measurement.-->
						<apply> true </apply>
						<!--Set of marker pairs used to determine the scale factors.-->
						<MarkerPairSet name="">
							<objects>
								<MarkerPair name="">
									<!--Names of two markers, the distance between which is used to compute a
									    body scale factor.-->
									<markers> V.Sacral Top.Head </markers>
								</MarkerPair>
							</objects>
							<groups/>
						</MarkerPairSet>
						<!--Set of bodies to be scaled by this measurement.-->
						<BodyScaleSet name="">
							<objects>
								<BodyScale name="torso">
									<!--Axes (X Y Z) along which to scale a body. For example, 'X Y Z' scales
									    along all three axes, and 'Y' scales just along the Y axis.-->
									<axes> X Y Z </axes>
								</BodyScale>
							</objects>
							<groups/>
						</BodyScaleSet>
					</Measurement>
					<Measurement name="pelvis">
						<!--Flag to turn on and off scaling for this measurement.-->
						<apply> true </apply>
						<!--Set of marker pairs used to determine the scale factors.-->
						<MarkerPairSet name="">
							<objects>
								<MarkerPair name="">
									<!--Names of two markers, the distance between which is used to compute a
									    body scale factor.-->
									<markers> R.ASIS L.ASIS </markers>
								</MarkerPair>
							</objects>
							<groups/>
						</MarkerPairSet>
						<!--Set of bodies to be scaled by this measurement.-->
						<BodyScaleSet name="">
							<objects>
								<BodyScale name="pelvis">
									<!--Axes (X Y Z) along which to scale a body. For example, 'X Y Z' scales
									    along all three axes, and 'Y' scales just along the Y axis.-->
									<axes> X Y Z </axes>
								</BodyScale>
							</objects>
							<groups/>
						</BodyScaleSet>
					</Measurement>
					<Measurement name="thigh">
						<!--Flag to turn on and off scaling for this measurement.-->
						<apply> true </apply>
						<!--Set of marker pairs used to determine the scale factors.-->
						<MarkerPairSet name="">
							<objects>
								<MarkerPair name="">
									<!--Names of two markers, the distance between which is used to compute a
									    body scale factor.-->
									<markers> R.ASIS R.Knee.Lat </markers>
								</MarkerPair>
								<MarkerPair name="">
									<!--Names of two markers, the distance between which is used to compute a
									    body scale factor.-->
									<markers> L.ASIS L.Knee.Lat </markers>
								</MarkerPair>
							</objects>
							<groups/>
						</MarkerPairSet>
						<!--Set of bodies to be scaled by this measurement.-->
						<BodyScaleSet name="">
							<objects>
								<BodyScale name="femur_r">
									<!--Axes (X Y Z) along which to scale a body. For example, 'X Y Z' scales
									    along all three axes, and 'Y' scales just along the Y axis.-->
									<axes> X Y Z </axes>
								</BodyScale>
								<BodyScale name="femur_l">
									<!--Axes (X Y Z) along which to scale a body. For example, 'X Y Z' scales
									    along all three axes, and 'Y' scales just along the Y axis.-->
									<axes> X Y Z </axes>
								</BodyScale>
								<BodyScale name="patella_r">
									<!--Axes (X Y Z) along which to scale a body. For example, 'X Y Z' scales
									    along all three axes, and 'Y' scales just along the Y axis.-->
									<axes> X Y Z </axes>
								</BodyScale>
								<BodyScale name="patella_l">
									<!--Axes (X Y Z) along which to scale a body. For example, 'X Y Z' scales
									    along all three axes, and 'Y' scales just along the Y axis.-->
									<axes> X Y Z </axes>
								</BodyScale>
							</objects>
							<groups/>
						</BodyScaleSet>
					</Measurement>
					<Measurement name="shank">
						<!--Flag to turn on and off scaling for this measurement.-->
						<apply> true </apply>
						<!--Set of marker pairs used to determine the scale factors.-->
						<MarkerPairSet name="">
							<objects>
								<MarkerPair name="">
									<!--Names of two markers, the distance between which is used to compute a
									    body scale factor.-->
									<markers> R.Knee.Lat R.Ankle.Lat </markers>
								</MarkerPair>
								<MarkerPair name="">
									<!--Names of two markers, the distance between which is used to compute a
									    body scale factor.-->
									<markers> L.Knee.Lat L.Ankle.Lat </markers>
								</MarkerPair>
							</objects>
							<groups/>
						</MarkerPairSet>
						<!--Set of bodies to be scaled by this measurement.-->
						<BodyScaleSet name="">
							<objects>
								<BodyScale name="tibia_r">
									<!--Axes (X Y Z) along which to scale a body. For example, 'X Y Z' scales
									    along all three axes, and 'Y' scales just along the Y axis.-->
									<axes> X Y Z </axes>
								</BodyScale>
								<BodyScale name="tibia_l">
									<!--Axes (X Y Z) along which to scale a body. For example, 'X Y Z' scales
									    along all three axes, and 'Y' scales just along the Y axis.-->
									<axes> X Y Z </axes>
								</BodyScale>
								<BodyScale name="talus_r">
									<!--Axes (X Y Z) along which to scale a body. For example, 'X Y Z' scales
									    along all three axes, and 'Y' scales just along the Y axis.-->
									<axes> X Y Z </axes>
								</BodyScale>
								<BodyScale name="talus_l">
									<!--Axes (X Y Z) along which to scale a body. For example, 'X Y Z' scales
									    along all three axes, and 'Y' scales just along the Y axis.-->
									<axes> X Y Z </axes>
								</BodyScale>
							</objects>
							<groups/>
						</BodyScaleSet>
					</Measurement>
					<Measurement name="foot">
						<!--Flag to turn on and off scaling for this measurement.-->
						<apply> true </apply>
						<!--Set of marker pairs used to determine the scale factors.-->
						<MarkerPairSet name="">
							<objects>
								<MarkerPair name="">
									<!--Names of two markers, the distance between which is used to compute a
									    body scale factor.-->
									<markers> R.Heel R.Toe.Tip </markers>
								</MarkerPair>
								<MarkerPair name="">
									<!--Names of two markers, the distance between which is used to compute a
									    body scale factor.-->
									<markers> L.Heel L.Toe.Tip </markers>
								</MarkerPair>
							</objects>
							<groups/>
						</MarkerPairSet>
						<!--Set of bodies to be scaled by this measurement.-->
						<BodyScaleSet name="">
							<objects>
								<BodyScale name="calcn_r">
									<!--Axes (X Y Z) along which to scale a body. For example, 'X Y Z' scales
									    along all three axes, and 'Y' scales just along the Y axis.-->
									<axes> X Y Z </axes>
								</BodyScale>
								<BodyScale name="calcn_l">
									<!--Axes (X Y Z) along which to scale a body. For example, 'X Y Z' scales
									    along all three axes, and 'Y' scales just along the Y axis.-->
									<axes> X Y Z </axes>
								</BodyScale>
								<BodyScale name="toes_r">
									<!--Axes (X Y Z) along which to scale a body. For example, 'X Y Z' scales
									    along all three axes, and 'Y' scales just along the Y axis.-->
									<axes> X Y Z </axes>
								</BodyScale>
								<BodyScale name="toes_l">
									<!--Axes (X Y Z) along which to scale a body. For example, 'X Y Z' scales
									    along all three axes, and 'Y' scales just along the Y axis.-->
									<axes> X Y Z </axes>
								</BodyScale>
							</objects>
							<groups/>
						</BodyScaleSet>
					</Measurement>
				</objects>
				<groups/>
			</MeasurementSet>
		<!--Scale factors to be used for manual scaling.-->
			<ScaleSet name="gait2354_Scale">
				<objects>
					<Scale name="">
						<scales>       1.14724000       1.14724000       1.14724000 </scales>
						<segment> femur_r </segment>
						<apply> true </apply>
					</Scale>
					<Scale name="">
						<scales>       1.14724000       1.14724000       1.14724000 </scales>
						<segment> femur_l </segment>
						<apply> true </apply>
					</Scale>
					<Scale name="">
						<scales>       0.98852300       0.98852300       0.98852300 </scales>
						<segment> tibia_r </segment>
						<apply> true </apply>
					</Scale>
					<Scale name="">
						<scales>       0.98852300       0.98852300       0.98852300 </scales>
						<segment> tibia_l </segment>
						<apply> true </apply>
					</Scale>
				</objects>
				<groups/>
			</ScaleSet>
		<!--TRC file (.trc) containing the marker positions used for
		    measurement-based scaling. This is usually a static trial, but doesn't
		    need to be.  The marker-pair distances are computed for each time step
		    in the TRC file and averaged across the time range.-->
		<marker_file> subject01_static.trc </marker_file>
		<!--Time range over which to average marker-pair distances in the marker
		    file (.trc) for measurement-based scaling.-->
			<time_range>       1.00000000       2.00000000 </time_range>
		<!--Flag (true or false) indicating whether or not to preserve relative
		    mass between segments.-->
		<preserve_mass_distribution> true </preserve_mass_distribution>
		<!--Name of OpenSim model file (.osim) to write when done scaling.-->
		<output_model_file> subject01_scaledOnly.osim </output_model_file>
		<!--Name of file to write containing the scale factors that were applied
		    to the unscaled model (optional).-->
		<output_scale_file> subject01_scaleSet_applied.xml </output_scale_file>
	</ModelScaler>
	<!--Specifies parameters for placing markers on the model once a model is
	    scaled.-->
	<MarkerPlacer name="">
			<!--Whether or not to use the marker placer during scale-->
			<apply> true </apply>
			<!--Task set used to specify weights used in the IK computation of the
			    static pose.-->
			<IKTaskSet name="gait2354_Scale">
				<objects>
					<IKMarkerTask name="Sternum">
						<!--Whether or not this task will be used during inverse kinematics solve.-->
						<apply> true </apply>
						<!--Weight given to a marker or coordinate for solving inverse kinematics
						    problems.-->
						<weight>       1.00000000 </weight>
					</IKMarkerTask>
					<IKMarkerTask name="R.Acromium">
						<!--Whether or not this task will be used during inverse kinematics solve.-->
						<apply> true </apply>
						<!--Weight given to a marker or coordinate for solving inverse kinematics
						    problems.-->
						<weight>       1.00000000 </weight>
					</IKMarkerTask>
					<IKMarkerTask name="L.Acromium">
						<!--Whether or not this task will be used during inverse kinematics solve.-->
						<apply> true </apply>
						<!--Weight given to a marker or coordinate for solving inverse kinematics
						    problems.-->
						<weight>       1.00000000 </weight>
					</IKMarkerTask>
					<IKMarkerTask name="Top.Head">
						<!--Whether or not this task will be used during inverse kinematics solve.-->
						<apply> true </apply>
						<!--Weight given to a marker or coordinate for solving inverse kinematics
						    problems.-->
						<weight>       1.00000000 </weight>
					</IKMarkerTask>
					<IKMarkerTask name="R.ASIS">
						<!--Whether or not this task will be used during inverse kinematics solve.-->
						<apply> true </apply>
						<!--Weight given to a marker or coordinate for solving inverse kinematics
						    problems.-->
						<weight>    1000.00000000 </weight>
					</IKMarkerTask>
					<IKMarkerTask name="L.ASIS">
						<!--Whether or not this task will be used during inverse kinematics solve.-->
						<apply> true </apply>
						<!--Weight given to a marker or coordinate for solving inverse kinematics
						    problems.-->
						<weight>    1000.00000000 </weight>
					</IKMarkerTask>
					<IKMarkerTask name="V.Sacral">
						<!--Whether or not this task will be used during inverse kinematics solve.-->
						<apply> true </apply>
						<!--Weight given to a marker or coordinate for solving inverse kinematics
						    problems.-->
						<weight>    1000.00000000 </weight>
					</IKMarkerTask>
					<IKMarkerTask name="R.Thigh.Upper">
						<!--Whether or not this task will be used during inverse kinematics solve.-->
						<apply> true </apply>
						<!--Weight given to a marker or coordinate for solving inverse kinematics
						    problems.-->
						<weight>       1.00000000 </weight>
					</IKMarkerTask>
					<IKMarkerTask name="R.Thigh.Front">
						<!--Whether or not this task will be used during inverse kinematics solve.-->
						<apply> true </apply>
						<!--Weight given to a marker or coordinate for solving inverse kinematics
						    problems.-->
						<weight>       1.00000000 </weight>
					</IKMarkerTask>
					<IKMarkerTask name="R.Thigh.Rear">
						<!--Whether or not this task will be used during inverse kinematics solve.-->
						<apply> true </apply>
						<!--Weight given to a marker or coordinate for solving inverse kinematics
						    problems.-->
						<weight>       1.00000000 </weight>
					</IKMarkerTask>
					<IKMarkerTask name="R.Knee.Lat">
						<!--Whether or not this task will be used during inverse kinematics solve.-->
						<apply> true </apply>
						<!--Weight given to a marker or coordinate for solving inverse kinematics
						    problems.-->
						<weight>    1000.00000000 </weight>
					</IKMarkerTask>
					<IKMarkerTask name="R.Knee.Med">
						<!--Whether or not this task will be used during inverse kinematics solve.-->
						<apply> true </apply>
						<!--Weight given to a marker or coordinate for solving inverse kinematics
						    problems.-->
						<weight>    1000.00000000 </weight>
					</IKMarkerTask>
					<IKMarkerTask name="R.Shank.Upper">
						<!--Whether or not this task will be used during inverse kinematics solve.-->
						<apply> true </apply>
						<!--Weight given to a marker or coordinate for solving inverse kinematics
						    problems.-->
						<weight>       1.00000000 </weight>
					</IKMarkerTask>
					<IKMarkerTask name="R.Shank.Front">
						<!--Whether or not this task will be used during inverse kinematics solve.-->
						<apply> true </apply>
						<!--Weight given to a marker or coordinate for solving inverse kinematics
						    problems.-->
						<weight>       1.00000000 </weight>
					</IKMarkerTask>
					<IKMarkerTask name="R.Shank.Rear">
						<!--Whether or not this task will be used during inverse kinematics solve.-->
						<apply> true </apply>
						<!--Weight given to a marker or coordinate for solving inverse kinematics
						    problems.-->
						<weight>       1.00000000 </weight>
					</IKMarkerTask>
					<IKMarkerTask name="R.Ankle.Lat">
						<!--Whether or not this task will be used during inverse kinematics solve.-->
						<apply> true </apply>
						<!--Weight given to a marker or coordinate for solving inverse kinematics
						    problems.-->
						<weight>    1000.00000000 </weight>
					</IKMarkerTask>
					<IKMarkerTask name="R.Ankle.Med">
						<!--Whether or not this task will be used during inverse kinematics solve.-->
						<apply> true </apply>
						<!--Weight given to a marker or coordinate for solving inverse kinematics
						    problems.-->
						<weight>    1000.00000000 </weight>
					</IKMarkerTask>
					<IKMarkerTask name="R.Heel">
						<!--Whether or not this task will be used during inverse kinematics solve.-->
						<apply> true </apply>
						<!--Weight given to a marker or coordinate for solving inverse kinematics
						    problems.-->
						<weight>    1000.00000000 </weight>
					</IKMarkerTask>
					<IKMarkerTask name="R.Midfoot.Sup">
						<!--Whether or not this task will be used during inverse kinematics solve.-->
						<apply> true </apply>
						<!--Weight given to a marker or coordinate for solving inverse kinematics
						    problems.-->
						<weight>       1.00000000 </weight>
					</IKMarkerTask>
					<IKMarkerTask name="R.Midfoot.Lat">
						<!--Whether or not this task will be used during inverse kinematics solve.-->
						<apply> true </apply>
						<!--Weight given to a marker or coordinate for solving inverse kinematics
						    problems.-->
						<weight>       1.00000000 </weight>
					</IKMarkerTask>
					<IKMarkerTask name="R.Toe.Lat">
						<!--Whether or not this task will be used during inverse kinematics solve.-->
						<apply> true </apply>
						<!--Weight given to a marker or coordinate for solving inverse kinematics
						    problems.-->
						<weight>       1.00000000 </weight>
					</IKMarkerTask>
					<IKMarkerTask name="R.Toe.Med">
						<!--Whether or not this task will be used during inverse kinematics solve.-->
						<apply> true </apply>
						<!--Weight given to a marker or coordinate for solving inverse kinematics
						    problems.-->
						<weight>       1.00000000 </weight>
					</IKMarkerTask>
					<IKMarkerTask name="R.Toe.Tip">
						<!--Whether or not this task will be used during inverse kinematics solve.-->
						<apply> true </apply>
						<!--Weight given to a marker or coordinate for solving inverse kinematics
						    problems.-->
						<weight>    1000.00000000 </weight>
					</IKMarkerTask>
					<IKMarkerTask name="L.Thigh.Upper">
						<!--Whether or not this task will be used during inverse kinematics solve.-->
						<apply> true </apply>
						<!--Weight given to a marker or coordinate for solving inverse kinematics
						    problems.-->
						<weight>       1.00000000 </weight>
					</IKMarkerTask>
					<IKMarkerTask name="L.Thigh.Front">
						<!--Whether or not this task will be used during inverse kinematics solve.-->
						<apply> true </apply>
						<!--Weight given to a marker or coordinate for solving inverse kinematics
						    problems.-->
						<weight>       1.00000000 </weight>
					</IKMarkerTask>
					<IKMarkerTask name="L.Thigh.Rear">
						<!--Whether or not this task will be used during inverse kinematics solve.-->
						<apply> true </apply>
						<!--Weight given to a marker or coordinate for solving inverse kinematics
						    problems.-->
						<weight>       1.00000000 </weight>
					</IKMarkerTask>
					<IKMarkerTask name="L.Knee.Lat">
						<!--Whether or not this task will be used during inverse kinematics solve.-->
						<apply> true </apply>
						<!--Weight given to a marker or coordinate for solving inverse kinematics
						    problems.-->
						<weight>    1000.00000000 </weight>
					</IKMarkerTask>
					<IKMarkerTask name="L.Knee.Med">
						<!--Whether or not this task will be used during inverse kinematics solve.-->
						<apply> true </apply>
						<!--Weight given to a marker or coordinate for solving inverse kinematics
						    problems.-->
						<weight>    1000.00000000 </weight>
					</IKMarkerTask>
					<IKMarkerTask name="L.Shank.Upper">
						<!--Whether or not this task will be used during inverse kinematics solve.-->
						<apply> true </apply>
						<!--Weight given to a marker or coordinate for solving inverse kinematics
						    problems.-->
						<weight>       1.00000000 </weight>
					</IKMarkerTask>
					<IKMarkerTask name="L.Shank.Front">
						<!--Whether or not this task will be used during inverse kinematics solve.-->
						<apply> true </apply>
						<!--Weight given to a marker or coordinate for solving inverse kinematics
						    problems.-->
						<weight>       1.00000000 </weight>
					</IKMarkerTask>
					<IKMarkerTask name="L.Shank.Rear">
						<!--Whether or not this task will be used during inverse kinematics solve.-->
						<apply> true </apply>
						<!--Weight given to a marker or coordinate for solving inverse kinematics
						    problems.-->
						<weight>       1.00000000 </weight>
					</IKMarkerTask>
					<IKMarkerTask name="L.Ankle.Lat">
						<!--Whether or not this task will be used during inverse kinematics solve.-->
						<apply> true </apply>
						<!--Weight given to a marker or coordinate for solving inverse kinematics
						    problems.-->
						<weight>    1000.00000000 </weight>
					</IKMarkerTask>
					<IKMarkerTask name="L.Ankle.Med">
						<!--Whether or not this task will be used during inverse kinematics solve.-->
						<apply> true </apply>
						<!--Weight given to a marker or coordinate for solving inverse kinematics
						    problems.-->
						<weight>    1000.00000000 </weight>
					</IKMarkerTask>
					<IKMarkerTask name="L.Heel">
						<!--Whether or not this task will be used during inverse kinematics solve.-->
						<apply> true </apply>
						<!--Weight given to a marker or coordinate for solving inverse kinematics
						    problems.-->
						<weight>    1000.00000000 </weight>
					</IKMarkerTask>
					<IKMarkerTask name="L.Midfoot.Sup">
						<!--Whether or not this task will be used during inverse kinematics solve.-->
						<apply> true </apply>
						<!--Weight given to a marker or coordinate for solving inverse kinematics
						    problems.-->
						<weight>       1.00000000 </weight>
					</IKMarkerTask>
					<IKMarkerTask name="L.Midfoot.Lat">
						<!--Whether or not this task will be used during inverse kinematics solve.-->
						<apply> true </apply>
						<!--Weight given to a marker or coordinate for solving inverse kinematics
						    problems.-->
						<weight>       1.00000000 </weight>
					</IKMarkerTask>
					<IKMarkerTask name="L.Toe.Lat">
						<!--Whether or not this task will be used during inverse kinematics solve.-->
						<apply> true </apply>
						<!--Weight given to a marker or coordinate for solving inverse kinematics
						    problems.-->
						<weight>       1.00000000 </weight>
					</IKMarkerTask>
					<IKMarkerTask name="L.Toe.Med">
						<!--Whether or not this task will be used during inverse kinematics solve.-->
						<apply> true </apply>
						<!--Weight given to a marker or coordinate for solving inverse kinematics
						    problems.-->
						<weight>       1.00000000 </weight>
					</IKMarkerTask>
					<IKMarkerTask name="L.Toe.Tip">
						<!--Whether or not this task will be used during inverse kinematics solve.-->
						<apply> true </apply>
						<!--Weight given to a marker or coordinate for solving inverse kinematics
						    problems.-->
						<weight>    1000.00000000 </weight>
					</IKMarkerTask>
					<IKCoordinateTask name="subtalar_angle_r">
						<!--Whether or not this task will be used during inverse kinematics solve.-->
						<apply> true </apply>
						<!--Weight given to a marker or coordinate for solving inverse kinematics
						    problems.-->
						<weight>    1000.00000000 </weight>
						<!--Indicates the source of the coordinate value for this task.  Possible
						    values are default_value (use default value of coordinate, as
						    specified in the model file, as the fixed target value), manual_value
						    (use the value specified in the value property of this task as the
						    fixed target value), or from_file (use the coordinate values from the
						    coordinate data specified by the coordinates_file property).-->
						<value_type> default_value </value_type>
						<!--This value will be used as the desired (or prescribed) coordinate
						    value if value_type is set to manual_value.-->
						<value>       0.00000000 </value>
					</IKCoordinateTask>
					<IKCoordinateTask name="mtp_angle_r">
						<!--Whether or not this task will be used during inverse kinematics solve.-->
						<apply> true </apply>
						<!--Weight given to a marker or coordinate for solving inverse kinematics
						    problems.-->
						<weight>    1000.00000000 </weight>
						<!--Indicates the source of the coordinate value for this task.  Possible
						    values are default_value (use default value of coordinate, as
						    specified in the model file, as the fixed target value), manual_value
						    (use the value specified in the value property of this task as the
						    fixed target value), or from_file (use the coordinate values from the
						    coordinate data specified by the coordinates_file property).-->
						<value_type> default_value </value_type>
						<!--This value will be used as the desired (or prescribed) coordinate
						    value if value_type is set to manual_value.-->
						<value>       0.00000000 </value>
					</IKCoordinateTask>
					<IKCoordinateTask name="subtalar_angle_l">
						<!--Whether or not this task will be used during inverse kinematics solve.-->
						<apply> true </apply>
						<!--Weight given to a marker or coordinate for solving inverse kinematics
						    problems.-->
						<weight>    1000.00000000 </weight>
						<!--Indicates the source of the coordinate value for this task.  Possible
						    values are default_value (use default value of coordinate, as
						    specified in the model file, as the fixed target value), manual_value
						    (use the value specified in the value property of this task as the
						    fixed target value), or from_file (use the coordinate values from the
						    coordinate data specified by the coordinates_file property).-->
						<value_type> default_value </value_type>
						<!--This value will be used as the desired (or prescribed) coordinate
						    value if value_type is set to manual_value.-->
						<value>       0.00000000 </value>
					</IKCoordinateTask>
					<IKCoordinateTask name="mtp_angle_l">
						<!--Whether or not this task will be used during inverse kinematics solve.-->
						<apply> true </apply>
						<!--Weight given to a marker or coordinate for solving inverse kinematics
						    problems.-->
						<weight>    1000.00000000 </weight>
						<!--Indicates the source of the coordinate value for this task.  Possible
						    values are default_value (use default value of coordinate, as
						    specified in the model file, as the fixed target value), manual_value
						    (use the value specified in the value property of this task as the
						    fixed target value), or from_file (use the coordinate values from the
						    coordinate data specified by the coordinates_file property).-->
						<value_type> default_value </value_type>
						<!--This value will be used as the desired (or prescribed) coordinate
						    value if value_type is set to manual_value.-->
						<value>       0.00000000 </value>
					</IKCoordinateTask>
					<IKCoordinateTask name="lumbar_extension">
						<!--Whether or not this task will be used during inverse kinematics solve.-->
						<apply> true </apply>
						<!--Weight given to a marker or coordinate for solving inverse kinematics
						    problems.-->
						<weight>    1000.00000000 </weight>
						<!--Indicates the source of the coordinate value for this task.  Possible
						    values are default_value (use default value of coordinate, as
						    specified in the model file, as the fixed target value), manual_value
						    (use the value specified in the value property of this task as the
						    fixed target value), or from_file (use the coordinate values from the
						    coordinate data specified by the coordinates_file property).-->
						<value_type> manual_value </value_type>
						<!--This value will be used as the desired (or prescribed) coordinate
						    value if value_type is set to manual_value.-->
						<value>       0.00000000 </value>
					</IKCoordinateTask>
				</objects>
				<groups/>
			</IKTaskSet>
		<!--TRC file (.trc) containing the time history of experimental marker
		    positions (usually a static trial).-->
		<marker_file> subject01_static.trc </marker_file>
		<!--Name of file containing the joint angles used to set the initial
		    configuration of the model for the purpose of placing the markers.
		    These coordinate values can also be included in the optimization
		    problem used to place the markers. Before the model markers are
		    placed, a single frame of an inverse kinematics (IK) problem is
		    solved. The IK problem can be solved simply by matching marker
		    positions, but if the model markers are not in the correct locations,
		    the IK solution will not be very good and neither will marker
		    placement. Alternatively, coordinate values (specified in this file)
		    can be specified and used to influence the IK solution. This is
		    valuable particularly if you have high confidence in the coordinate
		    values. For example, you know for the static trial the subject was
		    standing will all joint angles close to zero. If the coordinate set
		    (see the CoordinateSet property) contains non-zero weights for
		    coordinates, the IK solution will try to match not only the marker
		    positions, but also the coordinates in this file. Least-squared error
		    is used to solve the IK problem.-->
		<coordinate_file> </coordinate_file>
		<!--Time range over which the marker positions are averaged.-->
			<time_range>       1.00000000       1.01000000 </time_range>
		<!--Name of the motion file (.mot) written after marker relocation
		    (optional).-->
		<output_motion_file> subject01_static_output.mot </output_motion_file>
			<!--Output OpenSim model file (.osim) after scaling and maker placement.-->
			<output_model_file> subject01_simbody.osim </output_model_file>
			<!--Output marker set containing the new marker locations after markers
			    have been placed.-->
			<output_marker_file> Unassigned </output_marker_file>
			<!--Maximum amount of movement allowed in marker data when averaging
			    frames of the static trial. A negative value means there is not limit.-->
			<max_marker_movement>      -1.00000000 </max_marker_movement>
	</MarkerPlacer>
	</ScaleTool>
</OpenSimDocument>

