<?xml version="1.0" encoding="UTF-8"?>
<OpenSimDocument Version="20302">
  <InverseKinematicsTool name="arm26">
    <!--Directory used for writing results.-->
    <results_directory> ./ </results_directory>
    <!--Directory for input files-->
    <input_directory>  </input_directory>
    <!--Name of the .osim file used to construct a model.-->
    <model_file> arm26.osim </model_file>
    <!--A positive scalar that is used to weight the importance of satisfying
		    constraints.A weighting of 'Infinity' or if it is unassigned results
		    in the constraints being strictly enforced.-->
    <constraint_weight> infinity </constraint_weight>
    <!--The accuracy of the solution in absolute terms. I.e. the number of
		    significantdigits to which the solution can be trusted.-->
    <accuracy>       0.00001000 </accuracy>
    <!--Markers and coordinates to be considered (tasks) and their weightings.-->
    <IKTaskSet name="arm26_InverseKinematics">
      <objects>
        <IKMarkerTask name="r_acromion">
          <!--Whether or not this task will be used during inverse kinematics solve.-->
          <apply> true </apply>
          <!--Weight given to a marker or coordinate for solving inverse kinematics
					    problems.-->
          <weight>       1.00000000 </weight>
        </IKMarkerTask>
        <IKMarkerTask name="r_humerus_epicondyle">
          <!--Whether or not this task will be used during inverse kinematics solve.-->
          <apply> true </apply>
          <!--Weight given to a marker or coordinate for solving inverse kinematics
					      problems.-->
          <weight>       1.00000000 </weight>
        </IKMarkerTask>
        <IKMarkerTask name="r_radius_styloid">
          <!--Whether or not this task will be used during inverse kinematics solve.-->
          <apply> true </apply>
          <!--Weight given to a marker or coordinate for solving inverse kinematics
					      problems.-->
          <weight>       1.00000000 </weight>
        </IKMarkerTask>
      </objects>
      <groups/>
    </IKTaskSet>
    <!--TRC file (.trc) containing the time history of observations of marker
		      positions.-->
    <marker_file> arm26_elbow_flex.trc </marker_file>
    <!--The name of the storage (.sto or .mot) file containing coordinate
		      observations.Coordinate values from this file are included if there is
		      a corresponding coordinate task.-->
    <coordinate_file> Unassigned </coordinate_file>
    <!--Time range over which the inverse kinematics problem is solved.-->
    <time_range>       0.00000000       1.00000000 </time_range>
    <!--Flag (true or false) indicating whether or not to report marker errors
		      from the inverse kinematics solution.-->
    <report_errors> true </report_errors>
    <!--Name of the motion file (.mot) to which the results should be written.-->
    <output_motion_file> arm26_InverseKinematics.mot </output_motion_file>
    <!--Flag indicating whether or not to report model marker locations in
		      ground.-->
    <report_marker_locations> false </report_marker_locations>
  </InverseKinematicsTool>
</OpenSimDocument>


