<?xml version="1.0" encoding="UTF-8" ?>
<OpenSimDocument Version="40000">
	<IMUPlacer>
		<!--The label of the base IMU in the orientation_file_for_calibration used to account for the heading difference between the sensor data and the forward direction of the model. Leave blank if no heading correction is desired.-->
		<base_imu_label>torso_imu</base_imu_label>
		<!--The axis of the base IMU that corresponds to its heading direction. Options are 'x', '-x', 'y', '-y', 'z' or '-z'. Leave blank if no heading correction is desired.-->
		<base_heading_axis>z</base_heading_axis>
		<!--Space fixed Euler angles (XYZ order) from IMU Space to OpenSim. Default (0, 0, 0).-->
		<sensor_to_opensim_rotations>-1.5707963267948966 0 0</sensor_to_opensim_rotations>
		<!--Name/path to a .sto file of sensor frame orientations as quaternions to be used for calibration.-->
		<orientation_file_for_calibration>placement_orientations.sto</orientation_file_for_calibration>
	</IMUPlacer>
</OpenSimDocument>
