<?xml version="1.0" encoding="UTF-8"?>
<ControlSet name="leg69_muscles_residuals_motor_control_limits">
	<defaults>
		<ControlLinear name="default">
			<default_min> -10000.0 </default_min>
			<default_max> 10000.0 </default_max>
			<use_steps> false </use_steps>
		</ControlLinear>
	</defaults>
	<objects>
		<ControlLinear name="MZ.excitation"/>
		<ControlLinear name="FX.excitation"/>
		<ControlLinear name="FY.excitation"/>

		<!-- Right Leg -->
		<ControlLinear name="hip_flexion_r_moment.excitation" />
		<ControlLinear name="knee_angle_r_moment.excitation" />
		<ControlLinear name="ankle_angle_r_moment.excitation" />
		
		<ControlLinear name="bifemlh_r.excitation">
			<default_min>       0.02000000 </default_min>
			<default_max>       1.00000000 </default_max>
			<use_steps> true </use_steps>
		</ControlLinear>
    
		<ControlLinear name="bifemsh_r.excitation">
			<default_min>       0.02000000 </default_min>
			<default_max>       1.00000000 </default_max>
			<use_steps> true </use_steps>
		</ControlLinear>
    
		<ControlLinear name="glut_max2_r.excitation">
			<default_min>       0.02000000 </default_min>
			<default_max>       1.00000000 </default_max>
			<use_steps> true </use_steps>
		</ControlLinear>
    
		<ControlLinear name="psoas_r.excitation">
			<default_min>       0.02000000 </default_min>
			<default_max>       1.00000000 </default_max>
			<use_steps> true </use_steps>
		</ControlLinear>
    
		<ControlLinear name="rect_fem_r.excitation">
			<default_min>       0.02000000 </default_min>
			<default_max>       1.00000000 </default_max>
			<use_steps> true </use_steps>
		</ControlLinear>
    
		<ControlLinear name="vas_int_r.excitation">
			<default_min>       0.02000000 </default_min>
			<default_max>       1.00000000 </default_max>
			<use_steps> true </use_steps>
		</ControlLinear>
    
		<ControlLinear name="med_gas_r.excitation">
			<default_min>       0.02000000 </default_min>
			<default_max>       1.00000000 </default_max>
			<use_steps> true </use_steps>
		</ControlLinear>
    
		<ControlLinear name="soleus_r.excitation">
			<default_min>       0.02000000 </default_min>
			<default_max>       1.00000000 </default_max>
			<use_steps> true </use_steps>
		</ControlLinear>
    
		<ControlLinear name="tib_ant_r.excitation">
			<default_min>       0.02000000 </default_min>
			<default_max>       1.00000000 </default_max>
			<use_steps> true </use_steps>
		</ControlLinear>
	</objects>
</ControlSet>
